date,close,high,low,open,quoteVolume,volume,weightedAverage
2015-03-11,0.00432888,0.00432888,0.00432888,0.00432888,1.20284924,0.00520699,0.00432888
2015-03-12,0.00432888,0.00432888,0.00432888,0.00432888,0.0,0.0,0.00432888
2015-03-13,0.00432888,0.00432888,0.00432888,0.00432888,0.23100663000000002,0.00099999,0.00432888
2015-03-14,0.00432888,0.00432888,0.00432888,0.00432888,0.0,0.0,0.00432888
2015-03-15,0.00432888,0.00432888,0.00432888,0.00432888,0.0,0.0,0.00432888
2015-03-16,0.00432888,0.00432888,0.00432888,0.00432888,0.0,0.0,0.00432888
2015-03-17,0.00030000000000000003,0.00030000000000000003,0.00029991,0.00029991,40.0,0.011999099999999999,0.00029997
2015-03-18,0.00030000000000000003,0.00030000000000000003,0.00030000000000000003,0.00030000000000000003,0.0,0.0,0.00030000000000000003
2015-03-19,0.00029881,0.00029991,0.00029881,0.00029991,10078.10102744,3.01152307,0.00029881
2015-03-20,0.00029881,0.00029881,0.00029881,0.00029881,0.0,0.0,0.00029881
2015-03-21,0.00399666,0.00399666,0.00399666,0.00399666,0.34870867,0.0013936600000000001,0.00399666
2015-03-22,0.00399666,0.00399666,0.00399666,0.00399666,0.0,0.0,0.00399666
2015-03-23,0.00399666,0.00399666,0.00399666,0.00399666,0.0,0.0,0.00399666
2015-03-24,0.00399666,0.00399666,0.00399666,0.00399666,0.0,0.0,0.00399666
2015-03-25,0.00029892,0.00029892,0.00029892,0.00029892,10.98276786,0.00328296,0.00029892
2015-03-26,0.00029892,0.00029892,0.00029892,0.00029892,0.0,0.0,0.00029892
2015-03-27,0.00029892,0.00029892,0.00029892,0.00029892,0.0,0.0,0.00029892
2015-03-28,0.00029892,0.00029892,0.00029892,0.00029892,0.0,0.0,0.00029892
2015-03-29,0.00029892,0.00029892,0.00029892,0.00029892,0.0,0.0,0.00029892
2015-03-30,0.00029892,0.00029892,0.00029892,0.00029892,0.0,0.0,0.00029892
2015-03-31,0.00029892,0.00029892,0.00029892,0.00029892,0.0,0.0,0.00029892
2015-04-01,0.00029892,0.00029892,0.00029892,0.00029892,0.0,0.0,0.00029892
2015-04-02,0.00029892,0.00029892,0.00029892,0.00029892,167.86922066,0.05017946,0.00029892
2015-04-03,0.00029892,0.00029892,0.00029892,0.00029892,0.0,0.0,0.00029892
2015-04-04,0.00029892,0.00029892,0.00029892,0.00029892,0.0,0.0,0.00029892
2015-04-05,0.00029989999999999997,0.00399666,0.00029892,0.00029892,298.39812095,0.10730069,0.00035958
2015-04-06,0.0039965999999999995,0.0039965999999999995,0.0039965999999999995,0.0039965999999999995,0.08262023,0.0003302,0.0039965999999999995
2015-04-07,0.0039965999999999995,0.0039965999999999995,0.0039965999999999995,0.0039965999999999995,0.0,0.0,0.0039965999999999995
2015-04-08,0.00029999000000000003,0.00029999000000000003,0.00029999000000000003,0.00029999000000000003,0.34801125,0.00010439000000000001,0.00029999000000000003
2015-04-09,0.00029999000000000003,0.00029999000000000003,0.00029999000000000003,0.00029999000000000003,0.0,0.0,0.00029999000000000003
2015-04-10,0.00029999000000000003,0.00029999000000000003,0.00029999000000000003,0.00029999000000000003,0.0,0.0,0.00029999000000000003
2015-04-11,0.0039965999999999995,0.0039965999999999995,0.0039965999999999995,0.0039965999999999995,1.69804334,0.0067864,0.0039965999999999995
2015-04-12,0.0039965999999999995,0.0039965999999999995,0.0039965999999999995,0.0039965999999999995,0.0,0.0,0.0039965999999999995
2015-04-13,0.0039965999999999995,0.0039965999999999995,0.0039965999999999995,0.0039965999999999995,0.0,0.0,0.0039965999999999995
2015-04-14,0.0039965999999999995,0.0039965999999999995,0.0039965999999999995,0.0039965999999999995,0.0,0.0,0.0039965999999999995
2015-04-15,0.0039965999999999995,0.0039965999999999995,0.0039965999999999995,0.0039965999999999995,2.01007356,0.008033450000000001,0.0039965999999999995
2015-04-16,0.0039965999999999995,0.0039965999999999995,0.0039965999999999995,0.0039965999999999995,0.0,0.0,0.0039965999999999995
2015-04-17,0.0039965999999999995,0.0039965999999999995,0.0039965999999999995,0.0039965999999999995,0.0,0.0,0.0039965999999999995
2015-04-18,0.0039965999999999995,0.0039965999999999995,0.0039965999999999995,0.0039965999999999995,0.0,0.0,0.0039965999999999995
2015-04-19,0.0039965999999999995,0.0039965999999999995,0.0039965999999999995,0.0039965999999999995,0.0,0.0,0.0039965999999999995
2015-04-20,0.0039965999999999995,0.0039965999999999995,0.0039965999999999995,0.0039965999999999995,0.0,0.0,0.0039965999999999995
2015-04-21,0.0039965999999999995,0.0039965999999999995,0.0039965999999999995,0.0039965999999999995,0.0,0.0,0.0039965999999999995
2015-04-22,0.00029999000000000003,0.00029999000000000003,0.00029999000000000003,0.00029999000000000003,4753.66936,1.42605327,0.00029999000000000003
2015-04-23,0.00029999000000000003,0.00029999000000000003,0.00029999000000000003,0.00029999000000000003,0.0,0.0,0.00029999000000000003
2015-04-24,0.00029999000000000003,0.00029999000000000003,0.00029999000000000003,0.00029999000000000003,0.0,0.0,0.00029999000000000003
2015-04-25,0.00029999000000000003,0.00029999000000000003,0.00029999000000000003,0.00029999000000000003,0.0,0.0,0.00029999000000000003
2015-04-26,0.00029999000000000003,0.00029999000000000003,0.00029999000000000003,0.00029999000000000003,0.0,0.0,0.00029999000000000003
2015-04-27,0.00029999000000000003,0.00029999000000000003,0.00029999000000000003,0.00029999000000000003,0.0,0.0,0.00029999000000000003
2015-04-28,0.00029999000000000003,0.00029999000000000003,0.00029999000000000003,0.00029999000000000003,0.0,0.0,0.00029999000000000003
2015-04-29,0.00029999000000000003,0.00029999000000000003,0.00029999000000000003,0.00029999000000000003,0.0,0.0,0.00029999000000000003
2015-04-30,0.00029999000000000003,0.00029999000000000003,0.00029999000000000003,0.00029999000000000003,0.0,0.0,0.00029999000000000003
2015-05-01,0.00029999000000000003,0.00029999000000000003,0.00029999000000000003,0.00029999000000000003,0.0,0.0,0.00029999000000000003
2015-05-02,0.003994,0.003994,0.003994,0.003994,0.037298450000000004,0.00014897,0.003994
2015-05-03,0.003994,0.003994,0.003994,0.003994,0.09290185000000001,0.00037104,0.003994
2015-05-04,0.003994,0.003994,0.003994,0.003994,0.0,0.0,0.003994
2015-05-05,0.003994,0.003994,0.003994,0.003994,0.0,0.0,0.003994
2015-05-06,0.003994,0.003994,0.003994,0.003994,0.0,0.0,0.003994
2015-05-07,0.003994,0.003994,0.003994,0.003994,0.73832248,0.0029488500000000003,0.003994
2015-05-08,0.003994,0.003994,0.003994,0.003994,0.0,0.0,0.003994
2015-05-09,0.003994,0.003994,0.003994,0.003994,0.0,0.0,0.003994
2015-05-10,0.003,0.003,0.003,0.003,155.22169,0.46566507,0.003
2015-05-11,0.003994,0.003994,0.00031,0.003994,16.88493415,0.03661863,0.00216871
2015-05-12,0.003994,0.003994,0.003994,0.003994,0.0,0.0,0.003994
2015-05-13,0.003994,0.003994,0.003994,0.003994,0.0,0.0,0.003994
2015-05-14,0.0039942,0.0039942,0.003994,0.003994,389.76385008,1.55675577,0.0039940900000000005
2015-05-15,0.0039942,0.0039942,0.0039942,0.0039942,0.0,0.0,0.0039942
2015-05-16,0.00031111,0.00031111,0.00031111,0.00031111,7.56268858,0.0023528200000000003,0.00031111
2015-05-17,0.00031111,0.00031111,0.00031111,0.00031111,0.0,0.0,0.00031111
2015-05-18,0.00399666,0.00399666,0.0004,0.00399666,24.89762205,0.09216527000000001,0.00370177
2015-05-19,0.00399666,0.00399666,0.00399666,0.00399666,0.0,0.0,0.00399666
2015-05-20,0.00040667000000000003,0.00399665,0.00040667000000000003,0.00399665,91.34452666,0.20127371,0.00220345
2015-05-21,0.00040667000000000003,0.00040667000000000003,0.00040667000000000003,0.00040667000000000003,0.0,0.0,0.00040667000000000003
2015-05-22,0.00040667000000000003,0.00040667000000000003,0.00040667000000000003,0.00040667000000000003,0.0,0.0,0.00040667000000000003
2015-05-23,0.00040667000000000003,0.00040667000000000003,0.00040667000000000003,0.00040667000000000003,0.0,0.0,0.00040667000000000003
2015-05-24,0.0039965,0.0039965,0.0039965,0.0039965,4.0,0.015986,0.0039965
2015-05-25,0.00105589,0.00399666,0.00105589,0.00399666,6.84930375,0.0173133,0.00252774
2015-05-26,0.00105589,0.00105589,0.00105589,0.00105589,0.0,0.0,0.00105589
2015-05-27,0.00105589,0.00105589,0.00105589,0.00105589,0.0,0.0,0.00105589
2015-05-28,0.00105589,0.00105589,0.00105589,0.00105589,0.0,0.0,0.00105589
2015-05-29,0.004,0.004,0.00399666,0.00399666,24117.88835463,96.47055305,0.00399995
2015-05-30,0.004,0.004,0.004,0.004,0.0,0.0,0.004
2015-05-31,0.004,0.004,0.004,0.004,0.0,0.0,0.004
2015-06-01,0.00041667,0.00041667,0.00041667,0.00041667,13.972,0.00582171,0.00041667
2015-06-02,0.01899998,0.01899998,0.01899998,0.01899998,0.01094264,0.00020789999999999998,0.01899998
2015-06-03,0.01899998,0.01899998,0.01899998,0.01899998,0.69630652,0.0132298,0.01899998
2015-06-04,0.00061668,0.01899998,0.00061668,0.00061669,15200.37561976,9.39714218,0.00061821
2015-06-05,0.00061668,0.00061668,0.00061668,0.00061668,0.0,0.0,0.00061668
2015-06-06,0.00061668,0.00061668,0.00061668,0.00061668,0.0,0.0,0.00061668
2015-06-07,0.00061668,0.00061668,0.00061668,0.00061668,0.0,0.0,0.00061668
2015-06-08,0.01899998,0.01899998,0.01899998,0.01899998,0.1015659,0.00192975,0.01899998
2015-06-09,0.01899998,0.01899998,0.01899998,0.01899998,0.0,0.0,0.01899998
2015-06-10,0.01899998,0.01899998,0.01899998,0.01899998,0.0,0.0,0.01899998
2015-06-11,0.01899998,0.01899998,0.01899998,0.01899998,0.0,0.0,0.01899998
2015-06-12,0.01899998,0.01899998,0.01899998,0.01899998,0.0,0.0,0.01899998
2015-06-13,0.0041,0.0041,0.0041,0.0041,844.48,3.462368,0.0041
2015-06-14,0.0041,0.0041,0.0041,0.0041,0.0,0.0,0.0041
2015-06-15,0.0041,0.0041,0.0041,0.0041,0.0,0.0,0.0041
2015-06-16,0.0041,0.0041,0.0041,0.0041,0.0,0.0,0.0041
2015-06-17,0.0041,0.0041,0.0041,0.0041,0.0,0.0,0.0041
2015-06-18,0.0041,0.0041,0.0041,0.0041,0.0,0.0,0.0041
2015-06-19,0.0184,0.0184,0.0184,0.0184,809.85925598,14.90141031,0.0184
2015-06-20,0.0184,0.0184,0.0184,0.0184,0.0,0.0,0.0184
2015-06-21,0.0184,0.0184,0.0184,0.0184,0.0,0.0,0.0184
2015-06-22,0.0184,0.0184,0.0184,0.0184,0.0,0.0,0.0184
2015-06-23,0.0184,0.0184,0.0184,0.0184,0.0,0.0,0.0184
2015-06-24,0.0184,0.0184,0.0184,0.0184,0.0,0.0,0.0184
2015-06-25,0.0184,0.0184,0.0184,0.0184,0.0,0.0,0.0184
2015-06-26,0.0184,0.0184,0.0184,0.0184,0.0,0.0,0.0184
2015-06-27,0.0184,0.0184,0.0184,0.0184,0.0,0.0,0.0184
2015-06-28,0.0184,0.0184,0.0184,0.0184,0.0,0.0,0.0184
2015-06-29,0.0184,0.0184,0.0184,0.0184,0.0,0.0,0.0184
2015-06-30,0.0184,0.0184,0.0184,0.0184,0.0,0.0,0.0184
2015-07-01,0.0184,0.0184,0.0184,0.0184,0.0,0.0,0.0184
2015-07-02,0.0184,0.0184,0.0184,0.0184,0.0,0.0,0.0184
2015-07-03,0.0184,0.0184,0.0184,0.0184,0.0,0.0,0.0184
2015-07-04,0.0184,0.0184,0.0184,0.0184,0.0,0.0,0.0184
2015-07-05,0.018268799999999998,0.018268799999999998,0.018268799999999998,0.018268799999999998,1.09476266,0.02,0.018268799999999998
2015-07-06,0.0006167,0.0006167,0.0006167,0.0006167,1.09257314,0.00067378,0.0006167
2015-07-07,0.01826879,0.01826879,0.01826879,0.01826879,1.85441948,0.033878,0.01826879
2015-07-08,0.01826879,0.01826879,0.01826879,0.01826879,0.0,0.0,0.01826879
2015-07-09,0.01826879,0.01826879,0.01826879,0.01826879,0.0,0.0,0.01826879
2015-07-10,0.01826879,0.01826879,0.01826879,0.01826879,0.0,0.0,0.01826879
2015-07-11,0.01826879,0.01826879,0.01826879,0.01826879,0.0,0.0,0.01826879
2015-07-12,0.012,0.012,0.012,0.012,150.0,1.8,0.012
2015-07-13,0.012,0.012,0.012,0.012,0.0,0.0,0.012
2015-07-14,0.012,0.012,0.012,0.012,0.0,0.0,0.012
2015-07-15,0.012,0.012,0.012,0.012,0.0,0.0,0.012
2015-07-16,0.012,0.012,0.012,0.012,0.0,0.0,0.012
2015-07-17,0.012,0.012,0.012,0.012,0.0,0.0,0.012
2015-07-18,0.012,0.012,0.012,0.012,0.0,0.0,0.012
2015-07-19,0.012,0.012,0.012,0.012,0.0,0.0,0.012
2015-07-20,0.012,0.012,0.012,0.012,0.0,0.0,0.012
2015-07-21,0.012,0.012,0.012,0.012,0.0,0.0,0.012
2015-07-22,0.012,0.012,0.012,0.012,0.0,0.0,0.012
2015-07-23,0.012,0.012,0.012,0.012,0.0,0.0,0.012
2015-07-24,0.012,0.012,0.012,0.012,0.0,0.0,0.012
2015-07-25,0.012,0.012,0.012,0.012,0.0,0.0,0.012
2015-07-26,0.012,0.012,0.012,0.012,0.0,0.0,0.012
2015-07-27,0.00201649,0.00201649,0.00201649,0.00201649,0.08245499,0.00016626,0.00201649
2015-07-28,0.00201649,0.00201649,0.00201649,0.00201649,0.0,0.0,0.00201649
2015-07-29,0.00201649,0.00201649,0.00201649,0.00201649,0.0,0.0,0.00201649
2015-07-30,0.00201649,0.00454199,0.00201649,0.00454199,0.14399093,0.00047236,0.0032805
2015-07-31,0.00201649,0.00201649,0.00201649,0.00201649,0.0,0.0,0.00201649
2015-08-01,0.00201649,0.00201649,0.00201649,0.00201649,0.0,0.0,0.00201649
2015-08-02,0.00201649,0.00201649,0.00201649,0.00201649,0.0,0.0,0.00201649
2015-08-03,0.00201649,0.00201649,0.00201649,0.00201649,0.0,0.0,0.00201649
2015-08-04,0.00454199,0.00454199,0.00454199,0.00454199,1810.77413204,8.22451799,0.00454199
2015-08-05,0.00454199,0.00454199,0.00454199,0.00454199,0.0,0.0,0.00454199
2015-08-06,0.00454199,0.00454199,0.00454199,0.00454199,0.0,0.0,0.00454199
2015-08-07,0.00454199,0.00454199,0.00454199,0.00454199,0.0,0.0,0.00454199
2015-08-08,0.00202,0.004542,0.00202,0.004542,0.19230421,0.00063119,0.00328226
2015-08-09,0.0025,0.0025,0.0025,0.0025,2429.005216,6.07251304,0.0025
2015-08-10,0.0025,0.0025,0.0025,0.0025,0.0,0.0,0.0025
2015-08-11,0.0025,0.0025,0.0025,0.0025,0.0,0.0,0.0025
2015-08-12,0.0025,0.0025,0.0025,0.0025,0.0,0.0,0.0025
2015-08-13,0.0025,0.0025,0.0025,0.0025,0.0,0.0,0.0025
2015-08-14,0.0025,0.0025,0.0025,0.0025,0.0,0.0,0.0025
2015-08-15,0.00201,0.004542,0.00201,0.00202,36650.12116689,73.669736,0.00201008
2015-08-16,0.00201,0.00201,0.00201,0.00201,0.0,0.0,0.00201
2015-08-17,0.004542,0.004542,0.004542,0.004542,49.21916116,0.22355342,0.004542
2015-08-18,0.004542,0.004542,0.004542,0.004542,0.07491854,0.00034028,0.004542
2015-08-19,0.004542,0.004542,0.004542,0.004542,0.0,0.0,0.004542
2015-08-20,0.004542,0.004542,0.004542,0.004542,0.0,0.0,0.004542
2015-08-21,0.004542,0.004542,0.004542,0.004542,0.0,0.0,0.004542
2015-08-22,0.004542,0.004542,0.004542,0.004542,0.0,0.0,0.004542
2015-08-23,0.004542,0.004542,0.004542,0.004542,0.0,0.0,0.004542
2015-08-24,0.004542,0.004542,0.004542,0.004542,0.0,0.0,0.004542
2015-08-25,0.004542,0.004542,0.004542,0.004542,0.0,0.0,0.004542
2015-08-26,0.004542,0.004542,0.004542,0.004542,0.0,0.0,0.004542
2015-08-27,0.004542,0.004542,0.004542,0.004542,0.0,0.0,0.004542
2015-08-28,0.01015009,0.01015009,0.01015009,0.01015009,58.07633672,0.58948004,0.01015009
2015-08-29,0.01015009,0.01015009,0.01015009,0.01015009,0.0,0.0,0.01015009
2015-08-30,0.01015009,0.01015009,0.01015009,0.01015009,0.0,0.0,0.01015009
2015-08-31,0.01015009,0.01015009,0.01015009,0.01015009,0.0,0.0,0.01015009
2015-09-01,0.01015009,0.01015009,0.01015009,0.01015009,0.0,0.0,0.01015009
2015-09-02,0.00155556,0.00155556,0.00155556,0.00155556,0.12414509,0.00019311,0.00155556
2015-09-03,0.00764998,0.00764999,0.00764998,0.00764999,0.05838442,0.00044664,0.00764998
2015-09-04,0.00764998,0.00764998,0.00764998,0.00764998,0.0,0.0,0.00764998
2015-09-05,0.00202001,0.00202001,0.00202001,0.00202001,0.05826767,0.0001177,0.00202001
2015-09-06,0.00202001,0.00202001,0.00202001,0.00202001,0.0,0.0,0.00202001
2015-09-07,0.00202001,0.00202001,0.00202001,0.00202001,0.0,0.0,0.00202001
2015-09-08,0.00202001,0.00202001,0.00202001,0.00202001,0.0,0.0,0.00202001
2015-09-09,0.004,0.004,0.004,0.004,200.0,0.8,0.004
2015-09-10,0.0075834,0.0075834,0.00202003,0.00755354,128.04578342,0.95002557,0.00741942
2015-09-11,0.002489,0.0075834100000000005,0.00203724,0.0075834100000000005,2022.59827326,5.0659896700000004,0.00250469
2015-09-12,0.00207135,0.0067869900000000006,0.00207135,0.0067869900000000006,3.28159105,0.01454246,0.00443153
2015-09-13,0.00207135,0.00207135,0.00207135,0.00207135,0.0,0.0,0.00207135
2015-09-14,0.00207135,0.00207135,0.00207135,0.00207135,0.0,0.0,0.00207135
2015-09-15,0.0021314,0.00213142,0.0021314,0.00213142,139.09144333,0.29646033,0.0021314
2015-09-16,0.0021314,0.0021314,0.0021314,0.0021314,0.0,0.0,0.0021314
2015-09-17,0.0021314,0.0021314,0.0021314,0.0021314,0.0,0.0,0.0021314
2015-09-18,0.0021314,0.0021314,0.0021314,0.0021314,0.0,0.0,0.0021314
2015-09-19,0.0021314,0.0021314,0.0021314,0.0021314,0.0,0.0,0.0021314
2015-09-20,0.0021000100000000002,0.00273699,0.0021000000000000003,0.0021000000000000003,118.5153166,0.24984247,0.0021081
2015-09-21,0.0021000100000000002,0.0021000100000000002,0.0021000100000000002,0.0021000100000000002,0.0,0.0,0.0021000100000000002
2015-09-22,0.00202002,0.00273396,0.00202002,0.0021000100000000002,1333.96474374,2.80180791,0.00210036
2015-09-23,0.00202002,0.0026999800000000003,0.00202002,0.0026999800000000003,0.17342768,0.00040934,0.00236034
2015-09-24,0.0027,0.0027,0.00202,0.00202002,364.86045636,0.84242876,0.0023089
2015-09-25,0.0027,0.0027,0.0027,0.0027,0.0,0.0,0.0027
2015-09-26,0.00194501,0.00244999,0.001945,0.001945,1089.60277939,2.31108519,0.00212103
2015-09-27,0.00194501,0.00194501,0.00194501,0.00194501,7.211832,0.01402708,0.00194501
2015-09-28,0.00194501,0.00194501,0.00194501,0.00194501,0.0,0.0,0.00194501
2015-09-29,0.001945,0.002,0.001945,0.002,1991.92424888,3.8840487599999998,0.0019498900000000001
2015-09-30,0.0017000000000000001,0.0019500000000000001,0.0017000000000000001,0.0019500000000000001,11674.75759928,22.35304992,0.00191464
2015-10-01,0.00244999,0.00244999,0.00244999,0.00244999,367.57257555,0.90054913,0.00244999
2015-10-02,0.00244999,0.00244999,0.00244999,0.00244999,432.03330626,1.05847728,0.00244999
2015-10-03,0.00244999,0.00244999,0.00244999,0.00244999,0.0,0.0,0.00244999
2015-10-04,0.00244999,0.00244999,0.00244999,0.00244999,0.0,0.0,0.00244999
2015-10-05,0.00244999,0.00244999,0.00244999,0.00244999,0.0,0.0,0.00244999
2015-10-06,0.00244999,0.00244999,0.00244999,0.00244999,0.0,0.0,0.00244999
2015-10-07,0.00244999,0.00244999,0.00244999,0.00244999,0.0,0.0,0.00244999
2015-10-08,0.00218241,0.00218241,0.00199153,0.00206261,250.7356963,0.51059636,0.00203639
2015-10-09,0.00215326,0.00215326,0.00211771,0.00211771,2558.38129226,5.4610425,0.00213456
2015-10-10,0.00215326,0.00215326,0.00215326,0.00215326,0.0,0.0,0.00215326
2015-10-11,0.00215326,0.00215326,0.00215326,0.00215326,0.0,0.0,0.00215326
2015-10-12,0.0020036,0.0020036,0.0020036,0.0020036,12.08206228,0.02420761,0.0020036
2015-10-13,0.00215085,0.00215085,0.00200468,0.00200468,522.08564604,1.1203420099999999,0.00214589
2015-10-14,0.0021297,0.00219815,0.00205109,0.0021474,1531.85338696,3.21228531,0.00209699
2015-10-15,0.00203147,0.00203147,0.00189887,0.00200278,3966.05756733,7.71360007,0.0019448999999999998
2015-10-16,0.00195406,0.00198097,0.00195406,0.00195903,173.63155363,0.34212051,0.00197038
2015-10-17,0.00179246,0.0019621400000000002,0.0017081800000000001,0.00189162,7364.88534143,12.98148895,0.00176261
2015-10-18,0.00179246,0.00179246,0.00179246,0.00179246,0.0,0.0,0.00179246
2015-10-19,0.0019085600000000001,0.0019085600000000001,0.0019085600000000001,0.0019085600000000001,81.33098795,0.15522507,0.0019085600000000001
2015-10-20,0.0019085600000000001,0.0019085600000000001,0.0019085600000000001,0.0019085600000000001,0.0,0.0,0.0019085600000000001
2015-10-21,0.00197041,0.00197041,0.00193139,0.00193139,201.08768497,0.3931655,0.00195519
2015-10-22,0.0019421100000000001,0.00196334,0.00193517,0.00196334,498.95016331,0.96816324,0.0019404
2015-10-23,0.0018878200000000001,0.00203716,0.0018878200000000001,0.00203716,7141.33114073,13.48754222,0.00188865
2015-10-24,0.00198833,0.00198833,0.00198833,0.00198833,107.69614,0.21413546,0.00198833
2015-10-25,0.00193732,0.0019781300000000003,0.00193732,0.0019781300000000003,5344.3546472,10.36705538,0.0019398100000000001
2015-10-26,0.00179765,0.00193418,0.0017000000000000001,0.00186313,4691.13682286,8.75603508,0.0018664999999999999
2015-10-27,0.00200809,0.00200809,0.0017827700000000001,0.00180138,886.67092942,1.6209597100000002,0.00182814
2015-10-28,0.0019462,0.00202245,0.0019462,0.002003,2430.19982742,4.83747409,0.00199056
2015-10-29,0.00197541,0.0019936900000000002,0.00189836,0.00192767,2930.04540168,5.69182766,0.00194257
2015-10-30,0.00199621,0.00209347,0.00195924,0.00199972,10878.63292623,21.71711304,0.0019963
2015-10-31,0.0021081900000000002,0.00219086,0.0021081900000000002,0.00216227,1391.83381903,3.02524716,0.00217356
2015-11-01,0.00212025,0.0021267,0.0019585600000000002,0.0021267,1760.71163956,3.58460897,0.00203588
2015-11-02,0.00227458,0.00227725,0.0020366,0.00203891,4411.7495579,9.84271985,0.0022310200000000002
2015-11-03,0.00210908,0.05,0.00210908,0.00226475,131547.50631087,386.04948706,0.00293467
2015-11-04,0.00198509,0.00226601,0.001937,0.00222268,20327.30948072,42.11485601,0.00207183
2015-11-05,0.00182932,0.00207144,0.00182774,0.0020515200000000003,25283.52223047,49.3230238,0.00195079
2015-11-06,0.0018735,0.00199691,0.00182139,0.00199691,2139.49173654,3.93059833,0.00183716
2015-11-07,0.00189438,0.00194908,0.0018880400000000001,0.0018880400000000001,2083.28241386,3.98080328,0.00191083
2015-11-08,0.00185046,0.00199381,0.00185046,0.00191763,9528.67297289,18.09912465,0.0018994300000000001
2015-11-09,0.00186937,0.00195764,0.00182566,0.00185882,3103.0703902,5.75462917,0.00185449
2015-11-10,0.0018491999999999998,0.0019126999999999998,0.0017800000000000001,0.00187003,6321.40478874,11.67969988,0.00184764
2015-11-11,0.00180217,0.00188684,0.00177,0.0018434900000000001,28674.39851135,52.56394981,0.00183313
2015-11-12,0.00198687,0.00205299,0.00185102,0.00185103,4576.12552538,8.48622419,0.0018544500000000001
2015-11-13,0.00195211,0.00198686,0.00193445,0.00198686,6280.61624716,12.39387977,0.00197335
2015-11-14,0.00191482,0.00191482,0.0019129400000000001,0.0019129400000000001,966.96307746,1.84986823,0.00191307
2015-11-15,0.00199557,0.00199557,0.00190189,0.00190189,1710.12054454,3.33408947,0.00194962
2015-11-16,0.00186452,0.00193202,0.00186452,0.00193202,1913.536185,3.59185648,0.00187707
2015-11-17,0.00187152,0.00189732,0.0018707700000000001,0.00189732,3420.85532696,6.43033146,0.00187974
2015-11-18,0.00194634,0.00194634,0.00193971,0.00193971,881.35537369,1.71311367,0.0019437200000000001
2015-11-19,0.00181455,0.00185046,0.00181455,0.00185046,3424.12514096,6.25811076,0.00182765
2015-11-20,0.0018010300000000001,0.00180527,0.0018010300000000001,0.00180527,5613.15990507,10.13067203,0.0018047999999999999
2015-11-21,0.0017985,0.0017985,0.0017985,0.0017985,7.3439967,0.01320817,0.0017985
2015-11-22,0.0017985,0.0017985,0.0017985,0.0017985,455.26774272,0.81879903,0.0017985
2015-11-23,0.0018300000000000002,0.0018300000000000002,0.0018300000000000002,0.0018300000000000002,147.67997194,0.27025434,0.0018300000000000002
2015-11-24,0.0018300000000000002,0.0018300000000000002,0.0018300000000000002,0.0018300000000000002,1.5,0.002745,0.0018300000000000002
2015-11-25,0.00185199,0.00185199,0.0018300000000000002,0.0018300000000000002,8042.75432806,14.84335105,0.00184555
2015-11-26,0.0018179700000000001,0.00181866,0.00181288,0.00181288,5137.40604898,9.3396738,0.0018179700000000001
2015-11-27,0.0017553,0.00188711,0.0017400000000000002,0.00188711,67626.8907925,120.78677567,0.00178607
2015-11-28,0.00170165,0.0018841300000000001,0.00168143,0.00177784,11627.89247669,20.62288765,0.0017735700000000001
2015-11-29,0.00164577,0.0017134,0.00164577,0.00170475,943.90562608,1.6018123499999999,0.001697
2015-11-30,0.00170379,0.00171032,0.00168643,0.00169169,697.20014584,1.18586343,0.00170089
2015-12-01,0.00159194,0.00169959,0.00159194,0.00169943,1654.14509281,2.7201038,0.00164441
2015-12-02,0.00171612,0.00171612,0.00171612,0.00171612,27.910507420000002,0.04789777,0.00171612
2015-12-03,0.00171612,0.00171612,0.00171612,0.00171612,0.0,0.0,0.00171612
2015-12-04,0.0017812,0.0017812,0.0017812,0.0017812,95.10250393,0.16939658,0.0017812
2015-12-05,0.00174402,0.00174402,0.00174402,0.00174402,0.08435213,0.00014711,0.00174402
2015-12-06,0.00181149,0.00181149,0.00173114,0.00180548,7151.11521669,12.80063324,0.00179001
2015-12-07,0.0018562700000000001,0.0018562700000000001,0.0017840500000000001,0.00181149,8333.35280983,15.16676953,0.0018200000000000002
2015-12-08,0.00228166,0.00228166,0.0018562700000000001,0.0018562700000000001,48394.36844195,93.93059952,0.00194094
2015-12-09,0.00238166,0.00238166,0.00225473,0.00233,7037.93064381,16.48839716,0.00234279
2015-12-10,0.0035,0.005,0.00226946,0.00242319,13434.05212608,47.88326238,0.00356432
2015-12-11,0.00219983,0.00224505,0.0020027,0.00224505,10793.1684666,22.89634641,0.00212137
2015-12-12,0.00198184,0.00215968,0.00198184,0.00215968,27025.03209934,55.67567722,0.00206015
2015-12-13,0.00196457,0.00196457,0.00196457,0.00196457,11.44456477,0.02248364,0.00196457
2015-12-14,0.00196457,0.00196457,0.00196457,0.00196457,0.0,0.0,0.00196457
2015-12-15,0.00180287,0.0019509999999999998,0.00179522,0.0019509999999999998,25997.1452951,48.2821684,0.00185721
2015-12-16,0.00182229,0.0018471800000000001,0.00182229,0.0018471800000000001,759.66811224,1.38702853,0.00182583
2015-12-17,0.00181345,0.0019238900000000001,0.00181345,0.0018471800000000001,1007.41704661,1.86102289,0.00184732
2015-12-18,0.00181345,0.00181345,0.00181345,0.00181345,0.0,0.0,0.00181345
2015-12-19,0.00181345,0.00181345,0.00181345,0.00181345,0.0,0.0,0.00181345
2015-12-20,0.0017771,0.0017883600000000001,0.0017771,0.0017883600000000001,11099.05369813,19.741851,0.00177869
2015-12-21,0.00169941,0.00180379,0.00169941,0.00173614,54131.29639299,93.60279994,0.00172918
2015-12-22,0.0016994999999999998,0.0019200000000000003,0.0016994999999999998,0.0019200000000000003,0.61862035,0.00111961,0.00180986
2015-12-23,0.0016994999999999998,0.0016994999999999998,0.0016994999999999998,0.0016994999999999998,0.0,0.0,0.0016994999999999998
2015-12-24,0.00171755,0.00171755,0.00169941,0.00171755,8682.09066297,14.76260791,0.00170035
2015-12-25,0.00171755,0.00171755,0.00171755,0.00171755,0.0,0.0,0.00171755
2015-12-26,0.00171755,0.00171755,0.00171755,0.00171755,0.0,0.0,0.00171755
2015-12-27,0.0017519999999999999,0.0017519999999999999,0.0017519999999999999,0.0017519999999999999,22736.39408392,39.83416243,0.0017519999999999999
2015-12-28,0.0017519999999999999,0.0017519999999999999,0.0017519999999999999,0.0017519999999999999,0.0,0.0,0.0017519999999999999
2015-12-29,0.0017519999999999999,0.0017519999999999999,0.0017519999999999999,0.0017519999999999999,0.0,0.0,0.0017519999999999999
2015-12-30,0.0018700000000000001,0.0018700000000000001,0.00178703,0.00178703,25951.40555875,48.37470108,0.00186404
2015-12-31,0.00169386,0.0018700000000000001,0.00169386,0.0018700000000000001,7.7970728099999995,0.01391832,0.00178507
2016-01-01,0.0016971900000000001,0.00169907,0.00168278,0.00169907,3036.4779528,5.14713928,0.0016951
2016-01-02,0.0016971900000000001,0.0016971900000000001,0.0016971900000000001,0.0016971900000000001,0.0,0.0,0.0016971900000000001
2016-01-03,0.0016971900000000001,0.0016971900000000001,0.0016971900000000001,0.0016971900000000001,0.0,0.0,0.0016971900000000001
2016-01-04,0.0016971900000000001,0.0016971900000000001,0.0016971900000000001,0.0016971900000000001,0.0,0.0,0.0016971900000000001
2016-01-05,0.0016971900000000001,0.0016971900000000001,0.0016971900000000001,0.0016971900000000001,0.0,0.0,0.0016971900000000001
2016-01-06,0.0016971900000000001,0.0016971900000000001,0.0016971900000000001,0.0016971900000000001,0.0,0.0,0.0016971900000000001
2016-01-07,0.0016971900000000001,0.0016971900000000001,0.0016971900000000001,0.0016971900000000001,0.0,0.0,0.0016971900000000001
2016-01-08,0.0016971900000000001,0.0016971900000000001,0.0016971900000000001,0.0016971900000000001,0.0,0.0,0.0016971900000000001
2016-01-09,0.00174925,0.00177309,0.00174925,0.00176987,3027.73303151,5.35964892,0.00177018
2016-01-10,0.00178973,0.00178973,0.00175626,0.00175626,6079.24482167,10.71143046,0.0017619600000000001
2016-01-11,0.0019200000000000003,0.0019200000000000003,0.001201,0.00171668,8761.24031932,15.20291556,0.00173524
2016-01-12,0.0019200000000000003,0.0019200000000000003,0.0019200000000000003,0.0019200000000000003,0.0,0.0,0.0019200000000000003
2016-01-13,0.0019200000000000003,0.0019200000000000003,0.0019200000000000003,0.0019200000000000003,0.0,0.0,0.0019200000000000003
2016-01-14,0.0019200000000000003,0.0019200000000000003,0.0019200000000000003,0.0019200000000000003,0.0,0.0,0.0019200000000000003
2016-01-15,0.00163594,0.0019433999999999999,0.00163594,0.00191999,13926.84128913,25.29992659,0.00181663
2016-01-16,0.0016877700000000001,0.0016877700000000001,0.00156349,0.00157954,1505.76211647,2.46983546,0.00164025
2016-01-17,0.00162748,0.0016317,0.00162748,0.0016317,61.83588542,0.10063831000000001,0.0016274999999999998
2016-01-18,0.0016574600000000001,0.0017422100000000001,0.0016574600000000001,0.00171736,3111.32179813,5.3848146,0.00173071
2016-01-19,0.00198888,0.00198888,0.00170703,0.00170904,3957.3064222,6.98999186,0.00176635
2016-01-20,0.00176384,0.00176384,0.00176384,0.00176384,3374.37524598,5.95185803,0.00176384
2016-01-21,0.0016896300000000001,0.00208888,0.0016896300000000001,0.00175584,2315.03682578,4.12968939,0.00178385
2016-01-22,0.00166737,0.00166737,0.00166737,0.00166737,973.05,1.6224343700000001,0.00166737
2016-01-23,0.00166737,0.00166737,0.00166737,0.00166737,0.0,0.0,0.00166737
2016-01-24,0.00166737,0.00166737,0.00166737,0.00166737,0.0,0.0,0.00166737
2016-01-25,0.00170214,0.00171295,0.00155275,0.00163904,41065.75542947,67.67567177,0.00164798
2016-01-26,0.00208886,0.00208886,0.00208886,0.00208886,16.24304166,0.03392944,0.00208886
2016-01-27,0.0019999700000000002,0.0019999700000000002,0.0017293999999999999,0.00174143,2628.76068124,4.90439887,0.00186566
2016-01-28,0.00194487,0.00208888,0.00182348,0.0020888400000000002,39510.67116395,76.77459112,0.00194313
2016-01-29,0.0019169200000000001,0.0019169200000000001,0.00186267,0.00186341,1329.61556566,2.49829113,0.00187895
2016-01-30,0.00203467,0.00203467,0.00203467,0.00203467,9.7483474,0.01983467,0.00203467
2016-01-31,0.00170823,0.00173236,0.00169084,0.00173236,5351.17528225,9.12324077,0.0017048999999999999
2016-02-01,0.00178132,0.00180949,0.00178132,0.00180949,4374.98809359,7.89750905,0.00180514
2016-02-02,0.00203467,0.00203467,0.00203467,0.00203467,0.054062820000000004,0.00010999,0.00203467
2016-02-03,0.002,0.002,0.002,0.002,2000.0,4.0,0.002
2016-02-04,0.00181117,0.00187976,0.00181092,0.00181092,1597.55930511,2.93638342,0.00183804
2016-02-05,0.00181117,0.00181117,0.00181117,0.00181117,0.0,0.0,0.00181117
2016-02-06,0.00181117,0.00181117,0.00181117,0.00181117,0.0,0.0,0.00181117
2016-02-07,0.0019,0.0019,0.00186126,0.00186126,6582.79662648,12.31495494,0.0018707700000000001
2016-02-08,0.0019,0.0019,0.0019,0.0019,0.0,0.0,0.0019
2016-02-09,0.0019,0.0019,0.0019,0.0019,0.0,0.0,0.0019
2016-02-10,0.00193936,0.00203466,0.00175978,0.0018730700000000001,27189.29969117,52.66024806,0.0019367999999999998
2016-02-11,0.00193936,0.00193936,0.00193936,0.00193936,0.0,0.0,0.00193936
2016-02-12,0.00100382,0.00242459,0.0002991,0.0020345,65772.77873749,124.53774248,0.00189345
2016-02-13,0.00240491,0.00240491,0.00197446,0.00219766,95102.47549568,199.46681643,0.0020973800000000003
2016-02-14,0.00229186,0.00240852,0.0020312200000000002,0.00240852,236.02941198,0.54242562,0.00229812
2016-02-15,0.00202321,0.00229186,0.00202321,0.00229186,310.14342954,0.71011279,0.00228962
2016-02-16,0.0026855200000000003,0.00323999,2e-05,0.00202349,1475699.851807,279.28805473,0.00018925
2016-02-17,0.00234592,0.00282562,0.0021853,0.00282562,3118.2631066,7.74438641,0.00248355
2016-02-18,0.002224,0.00230396,0.00200052,0.00230396,8885.60757066,19.77089658,0.00222504
2016-02-19,0.00220678,0.002224,0.00220678,0.00222295,5089.03991766,11.31414801,0.00222323
2016-02-20,0.00242348,0.00242348,0.00200001,0.0023206900000000003,7457.02596448,15.11762355,0.00202729
2016-02-21,0.0022699400000000002,0.00233474,0.00201768,0.0020253100000000002,6697.98249397,14.0925511,0.00210399
2016-02-22,0.0017908,0.00200129,0.0017908,0.00200129,89371.5317336,177.65771458,0.00198785
2016-02-23,0.00189032,0.0021709900000000002,0.00189032,0.0021709900000000002,621.02751082,1.19343754,0.00192171
2016-02-24,0.0019500000000000001,0.00201589,0.0018000000000000002,0.0018200000000000002,16918.70545432,30.80325824,0.00182066
2016-02-25,0.0018000000000000002,0.0020158999999999997,0.0017215800000000001,0.00180358,15697.15316498,28.19310596,0.00179606
2016-02-26,0.00190401,0.00190401,0.00179714,0.00179714,175.91192514,0.31746819,0.00180469
2016-02-27,0.00190401,0.00190401,0.00190401,0.00190401,0.0,0.0,0.00190401
2016-02-28,0.00184032,0.0021000000000000003,0.00184032,0.00184032,58026.39832201,114.36077356,0.00197084
2016-02-29,0.00185001,0.00185001,0.00185001,0.00185001,10.15867267,0.01879364,0.00185001
2016-03-01,0.00181329,0.00185002,0.00181329,0.00185002,1563.61929196,2.85123114,0.00182348
2016-03-02,0.001844,0.001844,0.00174354,0.0018200000000000002,33091.61753854,60.04680245,0.00181456
2016-03-03,0.00189339,0.00189339,0.00179852,0.0018575500000000001,12645.399466,23.37708012,0.00184866
2016-03-04,0.00183493,0.00193526,0.00181657,0.0018934,4546.56812035,8.36974981,0.00184089
2016-03-05,0.00165402,0.001847,0.00165402,0.00184013,50184.41700817,88.23347548,0.00175818
2016-03-06,0.0018300000000000002,0.0019433999999999999,0.00176862,0.001841,56501.82029094,103.02539819,0.00182339
2016-03-07,0.0025537900000000002,0.00260014,0.00194337,0.00194337,46927.47916897,100.42994605,0.0021401
2016-03-08,0.00238646,0.00250916,0.00209982,0.00250916,231250.34047827,544.59110309,0.00235498
2016-03-09,0.00213839,0.005,0.00209045,0.00223695,63444.9636392,162.78516096,0.0025657600000000003
2016-03-10,0.00236904,0.00244748,0.00215002,0.00215002,22457.65517262,51.17415567,0.00227869
2016-03-11,0.0026094,0.00280757,0.00230933,0.00245891,91396.6521126,247.36578725,0.0027064999999999997
2016-03-12,0.00222574,0.0025193900000000003,0.00211601,0.00226674,16894.26178309,37.32477191,0.00220931
2016-03-13,0.00230299,0.00232233,0.00200232,0.00232233,37699.14649719,81.25216844,0.00215527
2016-03-14,0.00206258,0.00230472,0.0019923700000000003,0.0020358999999999998,33724.84599003,68.64087714,0.00203532
2016-03-15,0.0022142,0.00230472,0.00202872,0.00230472,4474.13377017,9.58081459,0.00214137
2016-03-16,0.00218926,0.00223134,0.00203211,0.00223011,7403.98323207,16.17089511,0.00218408
2016-03-17,0.0020364800000000002,0.0022345200000000003,0.0020364800000000002,0.00222711,647.25558332,1.38420731,0.0021385700000000002
2016-03-18,0.00208389,0.00225825,0.0018761700000000001,0.00221749,10989.4842026,23.34471905,0.00212427
2016-03-19,0.0020829,0.00208389,0.0020032500000000003,0.00208389,4547.45679687,9.21718893,0.00202688
2016-03-20,0.00195378,0.00212682,0.00192503,0.00192503,8035.97748512,16.59850918,0.00206552
2016-03-21,0.00212372,0.00212372,0.00212372,0.00212372,4961.58035428,10.53700742,0.00212372
2016-03-22,0.00212997,0.00212997,0.00200052,0.0021245500000000002,411.84382513,0.87032633,0.00211324
2016-03-23,0.00201005,0.00213015,0.00201005,0.00205,6631.55405497,13.52927325,0.0020401300000000002
2016-03-24,0.00203416,0.00212734,0.00202296,0.00212734,206437.88639348,438.07678595,0.00212207
2016-03-25,0.00211916,0.0021208999999999998,0.00201255,0.00204139,12639.2517988,25.86843738,0.00204667
2016-03-26,0.00210261,0.00212008,0.00202566,0.00205001,434.9481525,0.89865807,0.00206612
2016-03-27,0.00202047,0.00207995,0.00191996,0.00207995,13545.42252917,27.02271561,0.00199497
2016-03-28,0.00207035,0.00225998,0.00195021,0.00202041,8614.82544039,18.13118754,0.00210464
2016-03-29,0.00202422,0.00210587,0.00202422,0.00208213,4497.19799488,9.36895736,0.00208328
2016-03-30,0.00205084,0.00217731,0.00200003,0.00207589,3954.59408588,8.17918758,0.00206827
2016-03-31,0.00197732,0.00206573,0.00197732,0.00203245,2116.79302146,4.29980559,0.00203128
2016-04-01,0.00202968,0.0020661300000000002,0.00201424,0.00201424,450.38046073,0.91417252,0.00202977
2016-04-02,0.00208363,0.00209861,0.00203074,0.00203074,1617.26170726,3.38240141,0.00209143
2016-04-03,0.00214855,0.00224965,0.00211391,0.0021274700000000002,19775.09471465,42.15515835,0.00213172
2016-04-04,0.0023,0.00244744,0.00221874,0.00224965,44342.57922708,101.93011626,0.00229869
2016-04-05,0.00222443,0.00237665,0.0021007,0.00237665,3420.76196027,7.75302019,0.00226646
2016-04-06,0.00221243,0.00221243,0.00211657,0.00213086,7473.60213885,15.9463833,0.00213369
2016-04-07,0.00225783,0.00225783,0.0021983,0.0021983,6485.7946575,14.31127362,0.00220655
2016-04-08,0.00222243,0.00222243,0.00211787,0.00211787,13536.09568649,29.68395235,0.00219294
2016-04-09,0.002,0.00211224,0.002,0.00211224,10973.61893626,22.21428526,0.00202433
2016-04-10,0.00171667,0.002,0.00126439,0.002,46451.6294193,82.67388408,0.0017797800000000001
2016-04-11,0.0018915800000000001,0.002,0.0018915800000000001,0.0019,1036.62008141,2.02295451,0.00195149
2016-04-12,0.00175124,0.00189999,0.00175124,0.0018915800000000001,17580.45031834,32.20946978,0.00183211
2016-04-13,0.00180321,0.0018863600000000001,0.0017745200000000001,0.00188634,16652.4947026,29.92524294,0.00179704
2016-04-14,0.00187665,0.00187865,0.00182968,0.00186802,16993.77222022,31.65001724,0.0018624400000000001
2016-04-15,0.0018800000000000002,0.00194572,0.00183026,0.00189048,9166.08715264,17.161007,0.00187222
2016-04-16,0.00194139,0.00194139,0.00184647,0.00184648,12651.85361786,23.55733912,0.00186196
2016-04-17,0.00185524,0.00194008,0.0018303100000000001,0.0018303100000000001,27449.24247981,51.44271605,0.0018740999999999999
2016-04-18,0.00192935,0.0019353600000000001,0.00183023,0.00192514,15290.93750393,28.49674675,0.00186363
2016-04-19,0.00188156,0.00193383,0.00188149,0.00188157,19694.29594103,37.5496962,0.0019066200000000001
2016-04-20,0.0018620400000000001,0.00193325,0.0018204999999999999,0.00188328,100786.01869376,188.93537923,0.00187461
2016-04-21,0.00177169,0.00199999,0.00164715,0.00193163,226555.62785762,422.22593537,0.00186367
2016-04-22,0.00198436,0.001996,0.00177937,0.00197037,799665.45673605,1572.51048144,0.00196646
2016-04-23,0.00180582,0.00195683,0.00178224,0.00195682,89735.12942624,168.32678746,0.00187581
2016-04-24,0.00196829,0.0019818600000000002,0.00185944,0.0019818600000000002,7162.82519327,14.05165996,0.00196174
2016-04-25,0.00183511,0.00196894,0.00183511,0.00196894,16698.21891875,31.78152644,0.00190328
2016-04-26,0.0018751500000000001,0.0018997600000000001,0.00169841,0.0018350999999999999,38362.83824089,66.77249447,0.00174055
2016-04-27,0.0018000000000000002,0.00188977,0.0018000000000000002,0.00185658,1296.12806815,2.37288468,0.00183074
2016-04-28,0.00196648,0.00196724,0.00177634,0.00178517,32075.89219017,61.86587009,0.00192873
2016-04-29,0.00196179,0.00196179,0.00180606,0.00180608,45293.19863048,81.8960778,0.00180813
2016-04-30,0.00195221,0.00195221,0.00195221,0.00195221,431.68420406,0.84273822,0.00195221
2016-05-01,0.0018171300000000001,0.00195034,0.0018171300000000001,0.00183318,1950.47871813,3.5835874800000003,0.00183728
2016-05-02,0.0018999800000000001,0.0019129,0.00180001,0.0018172,142838.71756227,257.16096016,0.00180035
2016-05-03,0.0018999800000000001,0.0018999800000000001,0.0018999800000000001,0.0018999800000000001,0.0,0.0,0.0018999800000000001
2016-05-04,0.0018989999999999999,0.0019,0.00180001,0.0019,7587.76296638,13.71264721,0.0018072
2016-05-05,0.0017773300000000001,0.00189699,0.00176,0.00181389,47298.48525503,86.14342248,0.00182127
2016-05-06,0.00183001,0.00189699,0.00178133,0.00189699,16044.43797054,29.36299904,0.0018300999999999999
2016-05-07,0.00176589,0.00189699,0.00176589,0.00189699,685.62925704,1.2317681,0.00179655
2016-05-08,0.0018946100000000001,0.0018946999999999998,0.0018946100000000001,0.0018946999999999998,542.48412323,1.02779716,0.0018946100000000001
2016-05-09,0.00189189,0.00189194,0.00189189,0.00189194,3192.54332188,6.04009086,0.00189193
2016-05-10,0.00179805,0.00187834,0.00176501,0.00176502,12283.77146163,22.10932462,0.00179988
2016-05-11,0.00185827,0.00187204,0.00170996,0.00170996,11192.86597949,19.31374981,0.00172554
2016-05-12,0.0018258600000000001,0.0018258600000000001,0.00170082,0.00174102,939655.91277756,1608.33505343,0.00171162
2016-05-13,0.0017211400000000001,0.00180387,0.0017000000000000001,0.0017021999999999999,2020371.9954963,3439.15258611,0.00170223
2016-05-14,0.00177411,0.00179425,0.0017500200000000001,0.00179422,85069.77854491,152.27233223,0.00178996
2016-05-15,0.00175253,0.0017900000000000001,0.00175253,0.00175816,2152.77958706,3.82063694,0.0017747400000000001
2016-05-16,0.00166982,0.00175383,0.00166982,0.00175383,7379.97461326,12.52795249,0.00169756
2016-05-17,0.00166459,0.00166459,0.00166459,0.00166459,4690.15757886,7.8071894,0.00166459
2016-05-18,0.00166669,0.00171876,0.00166669,0.00166672,5191.2332213,8.76497626,0.00168841
2016-05-19,0.00160001,0.0016656400000000001,0.00158455,0.0016656400000000001,7220.32847274,11.88561784,0.00164613
2016-05-20,0.00168994,0.00168994,0.0015471999999999999,0.0016400000000000002,111179.62340823,180.31070434,0.0016217900000000001
2016-05-21,0.00161999,0.00161999,0.00154918,0.0015508800000000001,5135.86394361,8.1594139,0.0015887100000000001
2016-05-22,0.00160001,0.00165995,0.00158004,0.0016200000000000001,3959.34692807,6.50882741,0.00164391
2016-05-23,0.0015600000000000002,0.00161999,0.00154005,0.00160115,11856.10463132,18.63484743,0.00157175
2016-05-24,0.00159272,0.00159556,0.0015400000000000001,0.00155196,30724.7847124,48.34857825,0.0015735999999999999
2016-05-25,0.00152,0.00158902,0.00152,0.00158902,12436.05734998,19.44625202,0.00156369
2016-05-26,0.0014800000000000002,0.0015400000000000001,0.0014800000000000002,0.0015400000000000001,15487.0074962,23.40936219,0.00151154
2016-05-27,0.001438,0.00178198,0.0013665700000000001,0.00146115,177295.6882661,273.78621011,0.00154423
2016-05-28,0.00124001,0.00145559,0.00124001,0.00143999,217720.2969945,300.30482087,0.0013793100000000001
2016-05-29,0.00138002,0.00145999,0.00133223,0.00133223,20362.88539561,29.4856719,0.00144801
2016-05-30,0.00142001,0.00151999,0.00142001,0.00144,21687.87761626,31.6176072,0.00145784
2016-05-31,0.00155799,0.00155799,0.0014,0.0014800000000000002,50786.01533903,74.50434646,0.00146702
2016-06-01,0.00149999,0.00155794,0.00142347,0.00154236,9471.41310717,14.23202213,0.00150262
2016-06-02,0.0015149999999999999,0.00151997,0.0014700100000000001,0.00149999,20444.75712771,30.65170403,0.00149924
2016-06-03,0.00147325,0.00151996,0.00147325,0.00151996,734.0560259,1.11218436,0.00151512
2016-06-04,0.0015,0.0015283200000000001,0.0015,0.00151915,1735.26716846,2.60762405,0.00150272
2016-06-05,0.0014700800000000001,0.00152,0.0014700000000000002,0.00152,153672.63986194,232.11301645,0.00151043
2016-06-06,0.0014800100000000001,0.00152,0.00147013,0.00147013,55875.2665406,84.80093389,0.00151768
2016-06-07,0.0014895800000000001,0.00151764,0.0014349,0.0014800000000000002,65890.15634907,96.09890296,0.0014584700000000001
2016-06-08,0.0014895800000000001,0.0014895800000000001,0.00147985,0.00147999,512.17221779,0.76280254,0.00148934
2016-06-09,0.00153283,0.0015375999999999999,0.0014827999999999998,0.00148853,8187.0350882,12.40523057,0.00151522
2016-06-10,0.0016144999999999998,0.0016144999999999998,0.00150004,0.0015375999999999999,68751.62910665,110.30568652,0.0016044
2016-06-11,0.00156937,0.00158419,0.0015497,0.00158419,12943.67528947,20.49974316,0.00158376
2016-06-12,0.00159346,0.0016300000000000002,0.0014800000000000002,0.001568,53751.02165013,83.66634897,0.00155655
2016-06-13,0.00151999,0.00158,0.00151,0.00156016,356816.49041363,547.37801131,0.00153406
2016-06-14,0.00161939,0.0018000000000000002,0.0014401,0.00152,733131.54767694,1173.00754359,0.0015999900000000001
2016-06-15,0.00160526,0.00175997,0.0016,0.00175997,70595.8417342,122.99226871,0.0017422
2016-06-16,0.001609,0.0016799900000000001,0.0016049999999999999,0.00167943,695598.93173843,1126.85402766,0.00161997
2016-06-17,0.0016400000000000002,0.0017540400000000001,0.00150123,0.00167781,283363.57617388,448.60848345,0.00158315
2016-06-18,0.00172002,0.0019,0.00157753,0.00167027,194400.67308664,339.77030442,0.00174778
2016-06-19,0.001825,0.00199,0.0016,0.0017732800000000001,178637.21735096,310.71378671,0.00173935
2016-06-20,0.00172006,0.0019674700000000002,0.00168779,0.00168779,87066.94637529,151.42272655,0.00173915
2016-06-21,0.00166308,0.0017400000000000002,0.00156122,0.00172002,244019.2758572,405.28444252,0.00166087
2016-06-22,0.00159357,0.00177995,0.00159357,0.00169816,340882.13799306,584.11778401,0.00171354
2016-06-23,0.0015707,0.00173999,0.00156574,0.0015999,243808.6080856,390.73379004,0.0016026200000000001
2016-06-24,0.00170017,0.00201879,0.00161067,0.001725,254124.81188913,469.42962315,0.00184724
2016-06-25,0.0017200000000000002,0.00190576,0.0017200000000000002,0.001825,3455.07851323,6.37432892,0.00184491
2016-06-26,0.00208114,0.0021395999999999997,0.00180441,0.00185001,2169989.0456285,4109.2948124,0.00189369
2016-06-27,0.00262868,0.00349996,0.00190835,0.00210462,355081.4550893,1013.76969971,0.00285503
2016-06-28,0.00256461,0.00280541,0.00218387,0.00262868,282505.8313996,713.03384942,0.00252396
2016-06-29,0.00191205,0.00240561,0.0018605,0.00240556,676476.26560495,1426.26928649,0.00210838
2016-06-30,0.00218701,0.00228851,0.002,0.00209192,130388.65103996,264.35949187,0.00202747
2016-07-01,0.00202,0.00218229,0.00196405,0.00218229,230652.10961952,474.64745669,0.00205785
2016-07-02,0.00196001,0.0022,0.0019,0.00200001,190135.04679468,392.09230355,0.00206217
2016-07-03,0.0020700000000000002,0.00215,0.00194,0.00215,90403.03400945,178.10655448,0.00197013
2016-07-04,0.0019,0.0020700000000000002,0.00176873,0.0019200000000000003,166280.92986293,298.35043535,0.00179425
2016-07-05,0.00198468,0.00198999,0.0017999,0.00181643,13523.15872628,24.39742898,0.00180412
2016-07-06,0.00194818,0.00194999,0.0018976800000000001,0.00190164,343903.27724555,669.19450651,0.00194587
2016-07-07,0.00189886,0.00189886,0.00169,0.00185312,798232.10945336,1466.34728036,0.00183699
2016-07-08,0.0019,0.0019100000000000002,0.00168011,0.00190765,11461.33163052,20.04191198,0.00174865
2016-07-09,0.00170401,0.0018996,0.0017000000000000001,0.00176808,24417.03248313,44.47910811,0.00182164
2016-07-10,0.0018891,0.0018891,0.00170287,0.00170287,17976.35980859,31.87867952,0.00177336
2016-07-11,0.00186,0.00186,0.0017109999999999998,0.00186,77139.60622363,132.90166142,0.00172287
2016-07-12,0.002,0.002,0.0017302300000000001,0.00186,492091.12995355,912.77505749,0.00185489
2016-07-13,0.00222352,0.00229509,0.00199,0.00199,76546.77341231,161.09003157,0.00210446
2016-07-14,0.00191118,0.00221891,0.00191118,0.00210236,161866.61901425,334.22296846,0.0020648
2016-07-15,0.00201199,0.00210138,0.00192683,0.00210138,258122.87617622,515.25622384,0.00199616
2016-07-16,0.002,0.00220015,0.00194369,0.00201199,78779.24078747,161.00554006,0.00204375
2016-07-17,0.00199384,0.00201451,0.00189002,0.00196154,1307599.3912471,2498.69701586,0.0019108999999999999
2016-07-18,0.00204817,0.0020515,0.00190001,0.00197893,108153.27960601,216.70297405,0.00200366
2016-07-19,0.00190612,0.00201005,0.00190011,0.00201005,25014.92450441,49.2070576,0.0019671
2016-07-20,0.00189945,0.00199621,0.00180869,0.00199621,163001.12149139,306.48170321,0.00188024
2016-07-21,0.00189676,0.00189946,0.00184742,0.00186561,6216.04128166,11.57032403,0.00186136
2016-07-22,0.00181839,0.00190831,0.00181836,0.00189945,455764.68468404,834.76260993,0.00183156
2016-07-23,0.0020524,0.00225199,0.0018183700000000001,0.00181839,1210365.2310181,2526.22658676,0.0020871600000000002
2016-07-24,0.00223706,0.00239,0.00192761,0.00206947,540012.6557017,1161.67897494,0.0021512
2016-07-25,0.00225946,0.0023707900000000002,0.00207268,0.0022974700000000002,227454.0961254,480.86093159,0.0021141
2016-07-26,0.00191021,0.00225948,0.0019,0.00225946,593459.61653409,1147.51971412,0.00193361
2016-07-27,0.00190431,0.00204251,0.00190431,0.00191738,57337.9403782,110.3931485,0.0019253
2016-07-28,0.0019192900000000001,0.0019192900000000001,0.00191151,0.00191151,1630.98476892,3.11847787,0.00191202
2016-07-29,0.00209599,0.00209599,0.00196066,0.00196066,80363.95505578,158.62296841,0.0019738
2016-07-30,0.00194639,0.00208962,0.0019011100000000001,0.0019502900000000001,46046.3284713,91.68951471,0.00199124
2016-07-31,0.00187803,0.00202323,0.00186293,0.0019300300000000001,178848.86008412,340.11568247,0.00190169
2016-08-01,0.00187031,0.00199099,0.00187031,0.00188001,105167.33344421,205.24453595,0.00195159
2016-08-02,0.00175784,0.00197014,0.0015246300000000001,0.00187031,1135219.6457762,1963.22988208,0.00172938
2016-08-03,0.0018000000000000002,0.00185572,0.00165641,0.00177099,162576.7183861,299.97327383,0.00184511
2016-08-04,0.00190959,0.0019657,0.00172624,0.0018000000000000002,461863.38423999,860.36041026,0.0018628
2016-08-05,0.00193,0.00205,0.00181647,0.00186514,70637.07745767,137.46015559,0.0019459999999999998
2016-08-06,0.0019200999999999999,0.002,0.001887,0.0019200000000000003,164922.40769381,320.89135684,0.00194571
2016-08-07,0.00196191,0.002,0.00188169,0.0019600000000000004,38788.52307658,75.32287947,0.00194188
2016-08-08,0.0019587,0.0019974100000000002,0.0018100000000000002,0.0019974100000000002,201327.43622388,380.91159274,0.001892
2016-08-09,0.00195075,0.00195299,0.001851,0.00190169,232386.23537507,445.04911085,0.00191512
2016-08-10,0.00188001,0.00200001,0.00185501,0.00194619,220993.94974042,438.15457199,0.00198265
2016-08-11,0.00185286,0.00198827,0.00185101,0.00188001,18408.42393623,35.63576594,0.00193584
2016-08-12,0.00188857,0.0019215900000000001,0.00181234,0.00185286,9919.3206242,18.75671214,0.0018909200000000001
2016-08-13,0.0020625,0.00219,0.00187589,0.00189644,3272103.2044943,6583.53727206,0.00201202
2016-08-14,0.00209866,0.0025,0.00194316,0.00216109,478388.88170158,1012.08112759,0.0021156
2016-08-15,0.00212549,0.002165,0.0019606800000000002,0.0019606800000000002,337648.13894568,694.51501378,0.00205691
2016-08-16,0.00207071,0.0021405400000000002,0.00191452,0.0021405400000000002,67954.87040394,139.96520403,0.00205967
2016-08-17,0.00198567,0.00205587,0.00191777,0.0020512300000000002,5866.69985127,11.60251732,0.00197769
2016-08-18,0.00199999,0.00205513,0.00199999,0.00205513,481.41431812,0.97889644,0.00203337
2016-08-19,0.0019918600000000002,0.0020403500000000002,0.00193001,0.0020403500000000002,20206.13168854,39.17865814,0.00193894
2016-08-20,0.00195983,0.00195983,0.0018868,0.0019500000000000001,14483.09165418,27.87676334,0.0019247700000000001
2016-08-21,0.0019200000000000003,0.00196104,0.0019200000000000003,0.00193538,33085.71470455,64.21999146,0.00194101
2016-08-22,0.00199973,0.00199999,0.00189616,0.00194056,63084.71785147,121.93163285,0.00193282
2016-08-23,0.0018800000000000002,0.00199986,0.0018800000000000002,0.00199986,509958.94027307,984.99699295,0.00193152
2016-08-24,0.00188613,0.001942,0.0018590500000000001,0.001942,35784.92216489,67.41329391,0.0018838400000000001
2016-08-25,0.00189562,0.00190949,0.00185228,0.00190949,421.83822203,0.7963804600000001,0.00188788
2016-08-26,0.00197205,0.002,0.00190668,0.00190668,44483.97773377,88.92195853,0.00199896
2016-08-27,0.00195555,0.00195821,0.001847,0.00190485,53484.82231359,101.07519699,0.0018897900000000001
2016-08-28,0.0018000000000000002,0.0018900000000000002,0.00164665,0.00186753,134247.25667571,236.77822007,0.00176374
2016-08-29,0.00191569,0.0019649999999999997,0.0017000000000000001,0.00177874,222934.96968274,401.32680455,0.0018001900000000001
2016-08-30,0.00193578,0.00193581,0.0018145,0.00193581,35993.25053306,69.67509805,0.00193578
2016-08-31,0.0018359700000000001,0.0019649900000000002,0.00180001,0.00188999,93441.73512554,173.71883985,0.00185911
2016-09-01,0.00191596,0.0019498900000000001,0.00188203,0.00188203,87094.76329655,169.25406905,0.00194333
2016-09-02,0.00184004,0.0019264100000000001,0.00184004,0.00191855,2667.39229413,5.12406107,0.001921
2016-09-03,0.001905,0.00199064,0.00186543,0.00189813,186452.44916444,357.50749581,0.00191741
2016-09-04,0.00198403,0.0019906200000000002,0.00188206,0.001905,416660.55338275,796.60221287,0.00191187
2016-09-05,0.00193202,0.00201,0.00189577,0.00198216,138483.47599233,272.66369065,0.00196892
2016-09-06,0.001952,0.001952,0.00190922,0.0019245,11610.55669602,22.45236553,0.00193378
2016-09-07,0.0019553500000000002,0.00197201,0.00185,0.00195129,47262.28039495,90.95385992,0.0019244400000000001
2016-09-08,0.00191908,0.0020499900000000002,0.00191706,0.00196704,114334.87810887,226.8929469,0.00198445
2016-09-09,0.0020276,0.00207999,0.00191908,0.00191908,67598.89041137,135.85856918,0.00200977
2016-09-10,0.00206999,0.0022900000000000004,0.0020102600000000003,0.00207673,159322.08036006,335.68306623,0.00210694
2016-09-11,0.0019600000000000004,0.00212089,0.00192103,0.0020261999999999997,181419.88721957,361.66678339,0.00199353
2016-09-12,0.0019500000000000001,0.00206389,0.00191131,0.0019500000000000001,43766.94545296,85.75632052,0.00195938
2016-09-13,0.00195968,0.00211291,0.0019200000000000003,0.00202595,35427.76856303,69.92578483,0.0019737500000000002
2016-09-14,0.00195701,0.00200328,0.0019533,0.00196839,45299.83372213,89.43181242,0.00197421
2016-09-15,0.00250498,0.0027400000000000002,0.0019058200000000001,0.00195702,2048431.7548931,4778.32824782,0.0023326700000000002
2016-09-16,0.00207501,0.0024358500000000003,0.00207501,0.00232892,1358663.6970066,3110.01694949,0.00228902
2016-09-17,0.00215796,0.00221769,0.0020585,0.00212311,32082.32976531,68.17517329,0.0021249999999999997
2016-09-18,0.0021100000000000003,0.00217444,0.00208569,0.00212836,79852.12082907,169.91447483,0.00212786
2016-09-19,0.0021224,0.00217127,0.00206102,0.00209672,433674.87067142,920.87777067,0.00212342
2016-09-20,0.00207545,0.0021487,0.00195514,0.00212238,31684.57575968,65.16602254,0.0020567100000000002
2016-09-21,0.00208467,0.00211998,0.00198458,0.00202248,30582.40922896,63.14234223,0.00206466
2016-09-22,0.0021804,0.0021804,0.0020631,0.00206361,259772.85244839,548.63434207,0.00211197
2016-09-23,0.00208561,0.00214394,0.00203287,0.00214394,56959.22256559,118.90969329,0.00208762
2016-09-24,0.00230203,0.00230203,0.00206396,0.00206396,67200.99098418,145.33520941,0.00216269
2016-09-25,0.002515,0.002515,0.00223652,0.00223652,826555.01486951,1998.87004455,0.00241831
2016-09-26,0.00248167,0.0026531,0.00233015,0.0024495100000000002,764000.84105472,1957.04287579,0.00256157
2016-09-27,0.0025096800000000002,0.0027,0.00232757,0.00235503,470382.03661612,1223.75361383,0.00260161
2016-09-28,0.0032,0.00371501,0.0024340300000000002,0.00256,963591.88534652,3064.19300516,0.00317996
2016-09-29,0.003,0.0032944,0.003,0.00312533,695381.95196341,2170.40936809,0.00312117
2016-09-30,0.0028715999999999998,0.00306074,0.0025,0.003,257332.62173574,766.56369272,0.00297888
2016-10-01,0.0026919500000000002,0.00290873,0.0026253500000000003,0.0028629999999999997,144888.61629256,391.79040388,0.0027040700000000003
2016-10-02,0.00276434,0.00300037,0.00275142,0.0027860100000000002,232736.62998145,656.5204532,0.00282087
2016-10-03,0.002691,0.00287514,0.00266368,0.00287514,81468.77156887,223.41018547,0.00274228
2016-10-04,0.00257027,0.00277005,0.00257027,0.002702,69638.67971247,184.09849016,0.00264362
2016-10-05,0.00252347,0.0026135,0.0024000000000000002,0.00257027,70509.71709184,178.79293736,0.00253572
2016-10-06,0.00226956,0.0026136700000000002,0.0022500000000000003,0.00254762,106819.57268753,256.90962517,0.00240508
2016-10-07,0.00240776,0.00244769,0.00225316,0.00226144,28765.11673244,68.59946875,0.0023848100000000002
2016-10-08,0.0023,0.00241472,0.0023,0.00237808,160433.63251503,377.08234836,0.00235039
2016-10-09,0.0023173,0.0024000000000000002,0.00228553,0.0023399,9339.02069597,22.11976656,0.00236853
2016-10-10,0.00249629,0.0025,0.00231712,0.0023278500000000002,287952.91476507,711.11262147,0.00246954
2016-10-11,0.00257375,0.0031000000000000003,0.00236421,0.00249999,963061.52149265,2545.34625858,0.00264297
2016-10-12,0.0026882,0.00286625,0.0024000000000000002,0.00286625,290640.61930372,779.39341484,0.00268163
2016-10-13,0.00255857,0.00262099,0.00250458,0.0026000000000000003,38876.52898137,98.19083126,0.0025257
2016-10-14,0.00251316,0.00256369,0.00235999,0.0025,326399.27370137,793.97245033,0.00243251
2016-10-15,0.00242116,0.00254125,0.00242116,0.0024519200000000002,105832.64201998,258.87771741,0.0024461
2016-10-16,0.00242116,0.00256252,0.00242116,0.00256252,103116.45085807,251.68121692,0.00244074
2016-10-17,0.0023,0.0024528700000000002,0.00228363,0.00242116,216127.60367346,518.15115331,0.00239743
2016-10-18,0.0023856800000000003,0.00240601,0.0023164600000000002,0.00231756,118327.90943939,282.18522147,0.00238477
2016-10-19,0.00233783,0.00240076,0.00228601,0.0023856800000000003,262329.31842101,625.23525198,0.00238339
2016-10-20,0.00271653,0.00274895,0.00239071,0.00239071,198026.14302059,518.03107175,0.00261597
2016-10-21,0.0024492900000000002,0.00268766,0.00239,0.00264928,72208.37762525,184.8656552,0.00256016
2016-10-22,0.00238766,0.00252447,0.00236309,0.0024895,29564.02142914,70.9573726,0.00240012
2016-10-23,0.00242481,0.0024479,0.00239252,0.00241252,1022.29748716,2.46251196,0.0024088
2016-10-24,0.00246532,0.0024801999999999997,0.0024263600000000002,0.0024263600000000002,28874.42326841,70.28568414,0.00243418
2016-10-25,0.00242419,0.00246531,0.00234563,0.00246531,50972.4374463,122.42803117,0.00240184
2016-10-26,0.00225757,0.00238499,0.00214,0.00238499,158365.49638984,362.72732129,0.00229044
2016-10-27,0.00215265,0.002312,0.0020989999999999997,0.002312,127284.54024912,273.56697769,0.00214925
2016-10-28,0.00200504,0.00224099,0.00200504,0.002175,17233.22491672,36.46476197,0.00211595
2016-10-29,0.00197648,0.00206176,0.00183676,0.00206176,334453.03183909,659.12624607,0.00197075
2016-10-30,0.00214598,0.00215951,0.00189419,0.00202975,44441.60602307,91.46834452,0.00205816
2016-10-31,0.00197065,0.0021513,0.0019500000000000001,0.00208673,178903.63731384,362.13921073,0.0020242100000000002
2016-11-01,0.00194701,0.00204691,0.00190656,0.00204691,76907.99936864,154.03183791,0.0020028
2016-11-02,0.00201188,0.00209706,0.00195537,0.00203131,124212.88384629,255.3300388,0.00205558
2016-11-03,0.00204983,0.0021000000000000003,0.0019814200000000002,0.00203986,112518.0283407,229.22835368,0.00203725
2016-11-04,0.00201925,0.00205133,0.00196956,0.001987,33203.84083877,66.90838789,0.00201507
2016-11-05,0.00200624,0.0022500000000000003,0.00198081,0.00200925,47172.33688221,102.51902927,0.00217328
2016-11-06,0.00196101,0.00207252,0.00186515,0.00207252,192635.76476266,375.40100439,0.0019487600000000001
2016-11-07,0.00203242,0.00207735,0.0019509999999999998,0.0019509999999999998,66361.24408961,133.20299654,0.00200724
2016-11-08,0.002,0.00206239,0.00195911,0.00203615,328468.52429276,646.82043599,0.0019692
2016-11-09,0.00198994,0.00213945,0.00192379,0.002,233459.44676583,471.56918429,0.00201991
2016-11-10,0.00196928,0.00201748,0.00193001,0.0019600000000000004,98657.0177549,195.28373395,0.00197942
2016-11-11,0.00189876,0.00197403,0.00189876,0.00197403,145679.53220073,277.23468375,0.00190304
2016-11-12,0.0018950100000000001,0.00193531,0.001864,0.0018800000000000002,79881.54872947,149.29152203,0.00186891
2016-11-13,0.00190588,0.0019058999999999999,0.0018100000000000002,0.00187967,125135.88356292,229.61349019,0.0018349100000000001
2016-11-14,0.00188839,0.002,0.00185526,0.0018675200000000001,90947.16331807,172.59132997,0.0018977
2016-11-15,0.00199999,0.00199999,0.00182501,0.0018884,109207.06146219,205.87107954,0.00188514
2016-11-16,0.00177947,0.00193999,0.00176,0.0018301300000000001,264132.22390427,483.30150109,0.00182977
2016-11-17,0.00177501,0.00185589,0.0017000000000000001,0.00177,110573.72540619,194.70826045,0.00176089
2016-11-18,0.0018100100000000001,0.00181142,0.00172066,0.00174931,19878.95496107,35.33798524,0.00177765
2016-11-19,0.0017900000000000001,0.0018176800000000001,0.00170013,0.0017704300000000001,56275.77732492,98.70918185,0.00175402
2016-11-20,0.00175,0.00182759,0.00175,0.0017900000000000001,43742.33699831,78.93762378,0.0018046
2016-11-21,0.00175302,0.0018376900000000001,0.0017000000000000001,0.00171001,9804.59445394,17.42763058,0.00177749
2016-11-22,0.00172811,0.00179119,0.00165001,0.0017200000000000002,219696.38875829,381.56979879,0.0017368
2016-11-23,0.00170134,0.0017393999999999999,0.00165001,0.00165002,38207.17556956,64.85627243,0.0016974800000000001
2016-11-24,0.00166715,0.0018000000000000002,0.001651,0.0017369999999999998,36441.36169293,62.10513535,0.00170424
2016-11-25,0.00169017,0.0017269100000000001,0.00165142,0.0016671400000000001,504.13400177,0.83853301,0.00166331
2016-11-26,0.00168102,0.00168869,0.0016058,0.001658,6202.26371265,10.29241836,0.00165946
2016-11-27,0.001661,0.00168746,0.0016058,0.0016058,10115.92360173,16.50243296,0.00163133
2016-11-28,0.001635,0.0017499,0.00162211,0.00168562,272.12798577,0.45461805,0.0016706
2016-11-29,0.00166818,0.00166818,0.001622,0.001635,28.90477032,0.04702335,0.0016268300000000001
2016-11-30,0.0016,0.00166832,0.0016,0.00166818,246474.91887321,394.38568199,0.0016001
2016-12-01,0.00161698,0.00166147,0.0015095500000000001,0.0016,108269.77342099,172.25867442,0.0015910100000000001
2016-12-02,0.0014774,0.00164031,0.0014774,0.0015500000000000002,644785.22487904,968.89251907,0.0015026500000000001
2016-12-03,0.00152302,0.00162569,0.0015,0.0015053,15395.02068567,23.8658798,0.00155023
2016-12-04,0.00152468,0.00161062,0.00152468,0.00161062,14585.33301077,22.4139063,0.00153674
2016-12-05,0.00154229,0.00154229,0.00149224,0.00151728,34974.77940348,52.48496123,0.00150065
2016-12-06,0.00265647,0.00305,0.0014249999999999998,0.00152614,2095648.5257487,5101.64796307,0.0024343999999999998
2016-12-07,0.002881,0.0038,0.00188415,0.00278028,1516487.3843802,3904.29554288,0.00257456
2016-12-08,0.00243738,0.00374297,0.0022,0.0029299,2467819.3853598,6057.96529298,0.00245478
2016-12-09,0.0025664200000000002,0.0028,0.00231128,0.00243829,712742.15681111,1809.89291723,0.0025393300000000002
2016-12-10,0.00223291,0.00257747,0.00218233,0.00251883,589906.17304065,1408.47337816,0.00238762
2016-12-11,0.00237829,0.00243807,0.002,0.00218895,574451.51865837,1284.62401248,0.00223626
2016-12-12,0.0022409,0.00238299,0.00214874,0.00233912,714670.26710648,1659.17210651,0.00232159
2016-12-13,0.00219997,0.00229055,0.00200001,0.0022757999999999997,1757649.5441265,3841.9872065,0.00218586
2016-12-14,0.00213767,0.0021999800000000003,0.0021000000000000003,0.00213731,32220.43837745,68.17695376,0.00211595
2016-12-15,0.00288776,0.003554,0.00202201,0.0021000000000000003,450250.21353748,1131.72988785,0.0025135500000000002
2016-12-16,0.00301277,0.003469,0.0026192200000000002,0.0027622,764934.36219658,2207.20219599,0.0028854700000000002
2016-12-17,0.00271535,0.00301569,0.00271535,0.00301569,755874.51611675,2147.85472947,0.00284154
2016-12-18,0.00291114,0.00297746,0.00275201,0.00281254,43608.10770351,124.02506765,0.00284408
2016-12-19,0.00279329,0.00297643,0.00275201,0.0029084700000000002,131182.98020845,369.09785523,0.0028136100000000002
2016-12-20,0.00288134,0.003,0.00279328,0.00279328,79164.97738678,235.35853431,0.00297301
2016-12-21,0.00277851,0.00299827,0.00270569,0.0029233700000000002,635239.41903242,1777.29461549,0.00279783
2016-12-22,0.00282618,0.0034898900000000003,0.00235432,0.0028063,23375.04313755,63.47996862,0.00271571
2016-12-23,0.00255071,0.00275463,0.0022121,0.00264709,95176.48844627,238.83790744,0.00250942
2016-12-24,0.00267037,0.0027500000000000003,0.00254414,0.00254414,60651.64013671,162.34453311,0.00267667
2016-12-25,0.00262532,0.0026713600000000002,0.0024000000000000002,0.0026713600000000002,45054.74205427,116.6586487,0.00258926
2016-12-26,0.0026103999999999997,0.0027,0.0024000000000000002,0.00262532,80594.66127473,214.49094779,0.0026613500000000003
2016-12-27,0.0026000000000000003,0.00271961,0.00242275,0.0026412700000000002,513620.34390802,1303.91925015,0.00253868
2016-12-28,0.0025138400000000003,0.002598,0.0023571,0.00253301,165980.36489944,411.96269117,0.00248199
2016-12-29,0.00262375,0.00262375,0.00228404,0.00250971,1924552.4982514,4675.34054326,0.00242931
2016-12-30,0.00253369,0.00263143,0.00230452,0.00258104,168233.36196553,415.17650908,0.00246786
2016-12-31,0.0024396,0.00253754,0.0024000000000000002,0.00253701,63498.92849591,155.56231,0.00244984
2017-01-01,0.00248818,0.0025609,0.00238208,0.00244492,70767.20204745,177.12442234,0.00250291
2017-01-02,0.00247255,0.00252949,0.00242302,0.00244611,212356.06350935,531.65180479,0.00250358
2017-01-03,0.00250451,0.00255109,0.00242476,0.00247255,61952.17988158,153.8782621,0.00248382
2017-01-04,0.00267139,0.003,0.0024778,0.00254745,922550.3193778,2438.42984331,0.00264314
2017-01-05,0.00256383,0.00275712,0.00238208,0.0026391500000000003,1164970.1967217,3008.17112846,0.00258218
2017-01-06,0.0024506800000000002,0.00259044,0.00228446,0.00259044,129304.77001966,309.13026547,0.00239071
2017-01-07,0.00232222,0.0024985999999999997,0.0022500000000000003,0.00247398,405226.95303933,940.88405233,0.0023218600000000002
2017-01-08,0.00237001,0.0024500000000000004,0.00224843,0.00238535,270309.50605544,632.46518991,0.00233978
2017-01-09,0.0023456700000000002,0.0023561,0.0022700000000000003,0.00235137,100867.89246605,233.26255275,0.00231255
2017-01-10,0.00233737,0.00239551,0.00231046,0.00234094,25958.55588798,60.68994224,0.00233795
2017-01-11,0.00209696,0.00236,0.00203016,0.00234452,1155457.6613407,2550.91127022,0.0022077
2017-01-12,0.00251106,0.00251106,0.00207268,0.00208413,856969.25834385,2049.47678398,0.00239154
2017-01-13,0.00238358,0.0024828999999999997,0.00207268,0.00248,184043.21728354,441.68105745,0.00239987
2017-01-14,0.00244611,0.0025,0.00207269,0.0023969300000000002,106108.70954915,256.71185602,0.00241932
2017-01-15,0.00243969,0.0025,0.00234291,0.00243945,268861.15209974,652.68936263,0.0024276
2017-01-16,0.0023671,0.00246587,0.0023415,0.00246313,82593.21848233,197.82735291,0.0023952
2017-01-17,0.00250277,0.0025342900000000002,0.0023769200000000002,0.00238017,188909.56661755,466.67212004,0.00247034
2017-01-18,0.00252031,0.0025874500000000003,0.0023,0.0025193999999999998,1539063.3539843,3880.79226747,0.00252152
2017-01-19,0.00239517,0.00253,0.00226313,0.00249452,666464.97019485,1595.17205347,0.00239348
2017-01-20,0.00236871,0.002549,0.00236871,0.00239538,151412.12382391,373.53725623,0.00246702
2017-01-21,0.00235,0.0024749999999999998,0.00233723,0.00236576,635041.14462658,1514.47992003,0.00238485
2017-01-22,0.0023652400000000002,0.00240928,0.00233579,0.0023436999999999998,121189.08681776,286.46328286,0.00236377
2017-01-23,0.00234959,0.0024928100000000003,0.00230001,0.00232999,251106.22533528,586.56973246,0.00233594
2017-01-24,0.00223302,0.00234331,0.00223302,0.00233882,275295.14380815,627.33581959,0.00227877
2017-01-25,0.00215341,0.00228227,0.00214,0.00223302,1305035.5098721,2868.89940524,0.00219833
2017-01-26,0.00221243,0.00221579,0.0021148,0.00215413,250900.90360931,539.39241854,0.00214982
2017-01-27,0.00217195,0.00237051,0.00216602,0.00221657,572725.03446824,1271.66210705,0.00222037
2017-01-28,0.00219539,0.00225125,0.00215432,0.00217345,52734.2597988,116.92599346,0.00221726
2017-01-29,0.00222467,0.00223771,0.0021901200000000003,0.0021901200000000003,12104.81593809,26.86921706,0.00221971
2017-01-30,0.00244683,0.00253,0.00221318,0.0022164100000000003,510509.04517397,1227.66845121,0.00240479
2017-01-31,0.00234731,0.002515,0.0022800000000000003,0.00242794,723081.07072507,1681.67141045,0.0023257
2017-02-01,0.00234374,0.00236405,0.00231508,0.00234674,482021.88403473,1131.93638761,0.0023482999999999998
2017-02-02,0.0024231,0.00249393,0.00231398,0.00234374,353042.36696305,853.20160384,0.00241671
2017-02-03,0.002382,0.0024253400000000002,0.00235117,0.00242359,409477.28842377,975.75401628,0.00238292
2017-02-04,0.00237403,0.00247402,0.0023,0.0023672,238814.23587849,570.40636358,0.00238849
2017-02-05,0.00230248,0.0024419999999999997,0.00227705,0.0023761,572769.09923779,1350.29185559,0.00235748
2017-02-06,0.0023401200000000002,0.00237344,0.0022600000000000003,0.00232552,271257.00535407,637.89405311,0.00235162
2017-02-07,0.0022945,0.00246271,0.0022819999999999997,0.0023479,686716.42410587,1610.48540907,0.00234519
2017-02-08,0.00221353,0.002345,0.0022129,0.00229327,1119840.0454216,2556.85566444,0.0022832300000000002
2017-02-09,0.00213789,0.0024000000000000002,0.0020577,0.0022129,1922426.9533823,4307.90342292,0.00224086
2017-02-10,0.00214,0.00219196,0.002078,0.00213789,181907.59472316,390.65228544,0.00214753
2017-02-11,0.00212647,0.00220512,0.002095,0.00214,790868.37275873,1721.5833543,0.00217682
2017-02-12,0.0020800000000000003,0.00216782,0.0020800000000000003,0.00213111,618483.17265576,1322.6304362,0.0021384999999999998
2017-02-13,0.002078,0.00216171,0.0019600000000000004,0.0020935999999999997,1206980.0680627,2514.16903471,0.00208302
2017-02-14,0.00212512,0.00212888,0.002078,0.00207801,95096.80352026,200.11533011,0.00210433
2017-02-15,0.00226508,0.00226508,0.00211071,0.00212512,570503.31101953,1244.13362381,0.00218076
2017-02-16,0.00215432,0.00228019,0.00214484,0.00224758,162888.83559029,363.09160284,0.00222907
2017-02-17,0.00213588,0.00218916,0.00213588,0.00215647,107391.52340835,232.25802213,0.00216272
2017-02-18,0.00201225,0.00215924,0.0019665999999999998,0.00213568,543196.67898345,1107.71208872,0.00203924
2017-02-19,0.00206541,0.0021000000000000003,0.00195701,0.00203338,69036.96227265,142.31596012,0.00206144
2017-02-20,0.00205361,0.00209078,0.0020185900000000002,0.00204896,775981.70916876,1613.88077748,0.00207979
2017-02-21,0.00203868,0.00215,0.0020185900000000002,0.00206618,315191.07589525,653.90322074,0.00207462
2017-02-22,0.00203012,0.00209306,0.00193932,0.00203815,4702487.5748422,9180.32584028,0.00195222
2017-02-23,0.00192884,0.0021409,0.0019,0.00205149,485634.99246052,978.28956401,0.00201445
2017-02-24,0.00187815,0.00209067,0.0018448800000000001,0.00194492,670577.56181351,1288.45382574,0.0019214
2017-02-25,0.0018928999999999999,0.00194116,0.0018200900000000001,0.00194116,432420.69524681,808.54299448,0.0018698
2017-02-26,0.00189712,0.0019500000000000001,0.00178536,0.0018889500000000001,1308473.7064927,2474.88603387,0.00189142
2017-02-27,0.00179616,0.0019600000000000004,0.00179616,0.0018922,842522.75049525,1558.04700674,0.0018492600000000001
2017-02-28,0.00184439,0.00189997,0.00178578,0.0018035999999999998,863906.56721347,1566.97697504,0.00181382
2017-03-01,0.00172628,0.0019002,0.0015500000000000002,0.00184439,3870188.9681532,6687.20947267,0.00172787
2017-03-02,0.0017925200000000001,0.00194364,0.00169252,0.001749,6535467.2067426,11759.5437625,0.00179934
2017-03-03,0.00180857,0.0018862100000000001,0.00175,0.00181551,1757281.2048895,3189.3234941,0.00181491
2017-03-04,0.00176014,0.001839,0.00176,0.00179251,849114.35513919,1522.65993158,0.00179323
2017-03-05,0.00173486,0.001794,0.001705,0.00176014,2032051.1767897,3585.28488713,0.00176436
2017-03-06,0.00205,0.00205,0.00173547,0.00173547,3340096.8114801,6259.76587522,0.00187412
2017-03-07,0.00203983,0.0021255700000000002,0.00170002,0.00193911,2027912.8088589,3912.96975546,0.0019295500000000001
2017-03-08,0.00181249,0.0021000000000000003,0.00177856,0.00205197,4319569.1717658,8847.80085924,0.0020483
2017-03-09,0.001787,0.00201032,0.0017000000000000001,0.00184541,4292601.2923299,7593.51755389,0.0017689700000000001
2017-03-10,0.00172301,0.00191537,0.00151,0.0017860200000000001,8040614.3025013,13664.27639337,0.0016994
2017-03-11,0.00175448,0.0018100000000000002,0.00163018,0.00166956,1605123.322593,2799.88158028,0.00174434
2017-03-12,0.00184997,0.00184998,0.00175,0.00177436,4900911.0653425,8894.96808966,0.00181496
2017-03-13,0.00196101,0.0020700000000000002,0.00183467,0.0018498999999999998,9109810.0556119,17671.09249594,0.00193978
2017-03-14,0.00190488,0.00201959,0.00184,0.00196101,1927106.2952237,3691.02082856,0.0019153100000000001
2017-03-15,0.00192921,0.00201965,0.00184142,0.00191814,3828994.7669142,7495.87938497,0.00195766
2017-03-16,0.00194163,0.00198,0.0018100000000000002,0.00192921,5471376.7214452,10265.8900141,0.00187629
2017-03-17,0.0018300000000000002,0.001999,0.00181002,0.00194163,3660426.2611964,6892.31664505,0.00188292
2017-03-18,0.001821,0.0019998999999999998,0.0018169999999999998,0.00188414,10740486.798314,20142.05697395,0.0018753300000000001
2017-03-19,0.001851,0.00201017,0.001779,0.00183321,6917280.240676,13090.64712948,0.00189245
2017-03-20,0.00191624,0.00194312,0.0018449999999999999,0.0018449999999999999,1628446.9613482,3104.25401947,0.0019062600000000001
2017-03-21,0.00214301,0.0023,0.001854,0.00193135,6738160.0929423,13777.88149489,0.00204475
2017-03-22,0.00191875,0.00215249,0.00183005,0.00215249,7536857.6346456,14745.50388299,0.00195645
2017-03-23,0.0022500000000000003,0.00226507,0.00191874,0.00193989,10913587.576793,22147.28642226,0.00202933
2017-03-24,0.0020369999999999997,0.0024500000000000004,0.0020109999999999998,0.00226506,18910535.294541,42214.59090291,0.0022323300000000003
2017-03-25,0.0019100000000000002,0.00224196,0.0019100000000000002,0.00210282,13484891.459849,27086.93757812,0.00200868
2017-03-26,0.0019852900000000002,0.00216,0.0019100000000000002,0.00197068,9595088.0995303,19431.95389351,0.00202519
2017-03-27,0.0019200000000000003,0.0021000000000000003,0.0017909999999999998,0.00200125,21357238.059618,40330.91102284,0.00188839
2017-03-28,0.00194287,0.0020900000000000003,0.0018000000000000002,0.00191936,12674500.403881,24700.04836893,0.00194879
2017-03-29,0.00198618,0.00215,0.0018800000000000002,0.0020585,9028195.2002914,18154.72974983,0.00201089
2017-03-30,0.00228319,0.0024828,0.0019500000000000001,0.00199999,20881999.30751,44663.90200683,0.00213887
2017-03-31,0.00236513,0.0029000000000000002,0.002169,0.00228319,24381316.991384,59689.03799144,0.00244814
2017-04-01,0.00268081,0.0028,0.0023,0.00236513,13113786.259469,32091.673105,0.0024471700000000002
2017-04-02,0.00429141,0.004756,0.00252664,0.00269455,72247354.751704,260094.3235954,0.00360005
2017-04-03,0.0032942600000000002,0.005200000000000001,0.00286006,0.00429141,53459842.893546,212648.1074881,0.00397771
2017-04-04,0.00292901,0.0034632,0.002701,0.00318824,21870874.850284,67876.21885073,0.00310349
2017-04-05,0.00317999,0.00354111,0.002875,0.00300999,46759440.129264,149654.81826676,0.00320052
2017-04-06,0.00286676,0.0034500000000000004,0.0027424999999999997,0.003175,34695136.27633,105921.65633487,0.00305292
2017-04-07,0.00275352,0.00298797,0.0026406100000000003,0.00285535,34342155.547625,96619.07800501,0.00281342
2017-04-08,0.00295003,0.003142,0.00269021,0.00274593,27995932.212779,82548.00113732,0.00294857
2017-04-09,0.00279432,0.003,0.00272869,0.00291959,34565055.596704,99948.42100325,0.0028916
2017-04-10,0.00282999,0.00288,0.00273032,0.00279431,9122464.9077435,25422.88436926,0.00278684
2017-04-11,0.00282993,0.0028902999999999997,0.00277689,0.0028493900000000003,6426915.0022771,18155.24547031,0.00282487
2017-04-12,0.003055,0.00335563,0.00280162,0.00285967,41782680.800187,128911.12725417,0.00308527
2017-04-13,0.0031100000000000004,0.003127,0.0029758,0.00308041,14949112.716875,45519.43208585,0.0030449500000000003
2017-04-14,0.00324828,0.00335,0.00286871,0.003123,20055987.167916,63054.13407135,0.0031439
2017-04-15,0.0034749900000000003,0.0035,0.00312903,0.00321151,21241250.922704,70621.37952262,0.00332472
2017-04-16,0.003805,0.00403361,0.00335291,0.00343077,32416210.824387,119026.46281104,0.00367181
2017-04-17,0.003672,0.0039333400000000004,0.00351003,0.00384058,22956130.598976,83904.95185718,0.00365501
2017-04-18,0.0038900000000000002,0.0038991900000000003,0.0034962400000000003,0.003679,16814023.893281,61801.02677852,0.00367556
2017-04-19,0.00370347,0.003920000000000001,0.0034089999999999997,0.0038900000000000002,25048018.270573,92612.07291036,0.00369738
2017-04-20,0.00358904,0.0038,0.00345692,0.00363706,14235612.489852,51093.39681268,0.00358912
2017-04-21,0.00368108,0.0037332999999999997,0.00333,0.00358904,26883420.962554,96618.4150008,0.00359397
2017-04-22,0.0038187200000000003,0.0038400000000000005,0.00367,0.00367553,11361952.361901,42720.76323692,0.00375998
2017-04-23,0.00384898,0.00387789,0.0037135700000000002,0.0038187,9828825.6454973,37345.00439666,0.00379953
2017-04-24,0.00417978,0.00429997,0.00382923,0.0038489600000000002,21508127.227313,87977.0188705,0.0040904
2017-04-25,0.0041066,0.0043123300000000005,0.003959,0.00417978,12524631.969495,51716.32445116,0.00412916
2017-04-26,0.00418472,0.00439998,0.0039771,0.0041066,23994555.156652,101044.95596977,0.00421116
2017-04-27,0.0043199,0.00433963,0.00413484,0.00418472,12225304.34822,51505.55446118,0.0042130200000000005
2017-04-28,0.00481637,0.00490074,0.004200000000000001,0.0043199,32915456.698579,152272.57367574,0.00462617
2017-04-29,0.00534027,0.005732999999999999,0.004731,0.00482019,41747886.500957,219759.46417126,0.00526396
2017-04-30,0.00519999,0.0058793,0.0049850400000000005,0.00540086,52579322.086756,284206.24444412,0.00540528
2017-05-01,0.0056,0.00615991,0.004896,0.00508426,53805672.534444,300413.22140697,0.005583299999999999
2017-05-02,0.005180000000000001,0.00579958,0.00478005,0.00550656,38140164.482473,198748.63562368,0.0052109999999999995
2017-05-03,0.00558265,0.00562111,0.004868,0.0052365,27963938.84306,148728.10353903,0.00531856
2017-05-04,0.00680275,0.0077174900000000005,0.0055422200000000005,0.0056,84520211.057735,555590.42911682,0.00657346
2017-05-05,0.01086171,0.01459999,0.0069015100000000005,0.00698996,290058568.24638,3174284.3388889,0.01094359
2017-05-06,0.022500000000000003,0.024,0.01067061,0.01081738,349156734.50085,5936258.0747533,0.017001699999999998
2017-05-07,0.04549148,0.0821,0.018888,0.022501,454928296.25132,15828983.854076,0.03479445
2017-05-08,0.04003993,0.056002050000000005,0.032000060000000004,0.04549,327476570.9574,14596107.368909,0.04457145
2017-05-09,0.0284005,0.043392099999999996,0.022,0.03952496,182676988.4902,5717940.2599643,0.03130082
2017-05-10,0.03203691,0.038541,0.0270022,0.0284005,100525924.58109,3338874.1022437,0.033214060000000004
2017-05-11,0.03700003,0.044999990000000004,0.027669,0.03190876,198699822.88596,7262940.954855,0.03655232
2017-05-12,0.041599899999999995,0.047777,0.037,0.03774881,141260027.59978,5851389.1173258,0.04142282
2017-05-13,0.0385,0.04331851,0.036550000000000006,0.0414,69704394.808039,2739539.1562916,0.03930224
2017-05-14,0.03949892,0.042124999999999996,0.037,0.0385,55729974.401872,2200242.7029217,0.03948041
2017-05-15,0.04458998,0.04483869,0.03825002,0.0393,69041784.65421,2851651.7841492,0.04130327
2017-05-16,0.05050001,0.05316309,0.04381547,0.04381547,119252655.64194,5837346.2994876,0.0489494
2017-05-17,0.04997335,0.05596202,0.04149999,0.05050002,79512003.959744,3962608.6536091,0.049836599999999995
2017-05-18,0.047310000000000005,0.04999999,0.042,0.04997335,50575451.825565,2352916.8169991,0.0465229
2017-05-19,0.0494,0.05555,0.04529999,0.047313,68256610.788392,3426819.0268212,0.05020493
2017-05-20,0.053748199999999996,0.055199990000000004,0.04921001,0.04940001,29621423.738276,1564236.7985007,0.05280761
2017-05-21,0.06216113,0.06909142,0.05290997,0.053784860000000004,57413110.929367,3429187.0090696,0.05972829
2017-05-22,0.05012326,0.06552511,0.046200000000000005,0.060755399999999994,49498312.984139,2701286.0389547,0.05457329
2017-05-23,0.055194599999999996,0.05724901,0.049,0.05012326,29603491.112583,1597283.7114691,0.053955920000000004
2017-05-24,0.05,0.0596,0.047199990000000004,0.055,37840558.005535,2010373.6267607,0.05312748
2017-05-25,0.0380058,0.050647160000000004,0.0374,0.05,49651858.463609,2150925.5770216,0.04332014
2017-05-26,0.039,0.05146174,0.035,0.03889302,47012644.822745,2057741.3053428,0.04376995
2017-05-27,0.03200596,0.04129998,0.02,0.038805,101280403.1666,3010493.312356,0.029724340000000002
2017-05-28,0.0342017,0.03964999,0.027986,0.031492150000000003,55487239.872595,1940955.9781022,0.03498022
2017-05-29,0.0359,0.03831992,0.032,0.0342017,40261195.521502,1428873.9861768,0.0354901
2017-05-30,0.03065745,0.03742678,0.03,0.03589997,31825813.850953,1091150.3018913,0.03428507
2017-05-31,0.03321994,0.03449992,0.028,0.0304153,59190863.974372,1822139.0576382,0.03078412
2017-06-01,0.04100886,0.04299999,0.03242324,0.03321,93248940.765278,3634158.5429337,0.03897265
2017-06-02,0.0391,0.04199998,0.03652917,0.04148051,30572643.212511,1201104.6880029,0.03928691
2017-06-03,0.0381177,0.0397,0.0351,0.039,24924611.262888,939771.39325302,0.03770455
2017-06-04,0.03913226,0.0395347,0.0356,0.03817563,21762130.635936,829369.8032523,0.03811068
2017-06-05,0.04055019,0.04207799,0.03875428,0.03913226,25271621.299601,1025136.1897689,0.040564710000000004
2017-06-06,0.04460001,0.04549648,0.03762785,0.04055015,53608410.681904,2214394.2258783,0.04130684
2017-06-07,0.04660007,0.0545,0.0437,0.04461997,60930561.073843,2910522.4530958,0.04776785
2017-06-08,0.050110510000000004,0.05645856,0.044750000000000005,0.0466,54331150.801502,2806518.2151287,0.05165578
2017-06-09,0.04739802,0.052000000000000005,0.04614,0.05001011,41454355.508574,2032765.526735,0.04903623
2017-06-10,0.04195966,0.04790001,0.04049957,0.0473976,40777833.058337,1811357.3176808,0.044420140000000004
2017-06-11,0.04510986,0.0471,0.0403004,0.04138854,28761874.032431,1246144.5694711,0.04332626
2017-06-12,0.03842969,0.04751989,0.03400218,0.0451,54040051.580083,2156137.8994009,0.03989888
2017-06-13,0.04100828,0.043000000000000003,0.03730038,0.0388994,22192794.85457,894523.42584834,0.04030692
2017-06-14,0.03813842,0.04353108,0.034,0.04120476,25157155.762223,1006374.6814662,0.04000351
2017-06-15,0.036000000000000004,0.03857717,0.029300000000000003,0.03813842,37329896.200229,1266146.1818587,0.03391775
2017-06-16,0.03651004,0.037590000000000005,0.03347103,0.036000000000000004,18792889.714708,679094.82970099,0.03613573
2017-06-17,0.03960001,0.04063758,0.034949680000000004,0.03651005,19786752.177114,758128.49896009,0.03831495
2017-06-18,0.03809956,0.04004312,0.03650011,0.04004312,15039201.644106,575271.58335402,0.03825147
2017-06-19,0.0413,0.04229916,0.03763716,0.037874820000000003,13449371.72521,533760.14979692,0.03968662
2017-06-20,0.0405,0.04460057,0.039,0.0412004,32454432.506285,1371854.0184732,0.04227015
2017-06-21,0.038297990000000004,0.04231,0.037,0.04086598,14811669.705641,592537.12881895,0.040004740000000004
2017-06-22,0.03913003,0.0397,0.037,0.03855046,12475768.183077,477946.13923009,0.03830995
2017-06-23,0.03996075,0.04026876,0.03913092,0.0394584,6359289.2865947,252974.35967191,0.03978028
2017-06-24,0.03630672,0.0400808,0.03536674,0.03996075,12376802.33684,466740.3436146,0.037710890000000004
2017-06-25,0.03183596,0.03705981,0.02880001,0.036000000000000004,34682914.451316,1161533.7549474,0.03349008
2017-06-26,0.028991299999999998,0.034,0.0235,0.03189201,58910782.153431,1668012.0784782,0.028314199999999998
2017-06-27,0.029,0.03099154,0.02260179,0.02899129,44913601.628785,1226117.620381,0.02729947
2017-06-28,0.0315,0.033288530000000004,0.027,0.02899999,39272836.242083,1190672.7933157,0.03031797
2017-06-29,0.02823,0.03260002,0.02761005,0.0315,28625969.964115,853718.39821461,0.02982321
2017-06-30,0.02633869,0.029,0.02633869,0.02820611,22442726.964814,626070.28386981,0.02789635
2017-07-01,0.023969340000000002,0.02699999,0.022250000000000002,0.02649946,26537977.987935,655477.694924,0.0246996
2017-07-02,0.0251,0.02527014,0.021609399999999997,0.02396925,25744436.223877,609236.20829673,0.02366477
2017-07-03,0.026043999999999998,0.027,0.02407101,0.0251001,21955157.211995,560901.46875206,0.025547590000000002
2017-07-04,0.02680004,0.02734619,0.02580628,0.026000000000000002,5553469.3642567,148184.68535854,0.02668326
2017-07-05,0.0255753,0.02583659,0.02430999,0.025699740000000002,8526267.8917763,214639.98200284,0.025173960000000002
2017-07-06,0.0253,0.02613,0.02489202,0.0255753,8049713.9707414,205654.99724343,0.02554811
2017-07-07,0.020315,0.02560981,0.0196,0.02530001,38386935.097932,843240.14648763,0.02196685
2017-07-08,0.0216,0.02174441,0.017151470000000002,0.020315,36378057.33078,722702.38652812,0.01986643
2017-07-09,0.01923001,0.022500000000000003,0.01923001,0.0216,16223348.965508,344276.50387771,0.02122105
2017-07-10,0.0148,0.019712,0.01356692,0.01923001,63248067.08999,1054860.9358509,0.01667815
2017-07-11,0.014301999999999999,0.015700000000000002,0.01199999,0.0148,116183814.91906,1595134.7420976,0.0137294
2017-07-12,0.01785211,0.01785211,0.012440000000000001,0.0142,93950749.685523,1487393.7808709,0.01583163
2017-07-13,0.01711873,0.020300000000000002,0.0151,0.0178521,112180436.31078,2003912.5016787,0.01786329
2017-07-14,0.01610202,0.01729,0.01459116,0.01728934,69913734.404826,1108808.9979356,0.01585967
2017-07-15,0.01759602,0.01825999,0.01478995,0.0162,94941672.872423,1598531.7028776,0.01683698
2017-07-16,0.01565791,0.019195,0.013471770000000001,0.01740002,132305517.80921,2119901.0396965,0.01602277
2017-07-17,0.018607,0.01898987,0.01550001,0.01565746,92531763.566707,1600086.8638985,0.017292290000000002
2017-07-18,0.01851114,0.020419899999999998,0.01722958,0.01870555,82894615.50363,1585292.4493613,0.01912419
2017-07-19,0.01709823,0.01999996,0.016900000000000002,0.01866098,53589427.397631,1007081.7035358,0.01879254
2017-07-20,0.018982699999999998,0.02100758,0.0170982,0.0170982,113258032.2638,2161864.3659845,0.01908795
2017-07-21,0.01900019,0.02052127,0.018500000000000003,0.019,89934850.91,1763571.2780104,0.01960943
2017-07-22,0.02310005,0.02409983,0.0189,0.019157999999999998,120326632.00032,2630008.0989197,0.02185724
2017-07-23,0.02221841,0.02392798,0.0205,0.023100060000000002,76031806.712606,1690448.548643,0.022233430000000002
2017-07-24,0.02274771,0.02315008,0.021013920000000002,0.022058750000000002,45677533.590533,1010409.424973,0.02212048
2017-07-25,0.018624099999999998,0.023090000000000003,0.01702,0.02289995,112037285.08177,2130491.4163707,0.01901591
2017-07-26,0.01889,0.01999998,0.017519240000000002,0.018624099999999998,77271164.474202,1436570.4320225,0.01859128
2017-07-27,0.018505999999999998,0.0195,0.017980000000000003,0.01888999,34807637.645655,647372.09721646,0.01859856
2017-07-28,0.01708848,0.01872538,0.016500090000000002,0.01849996,54797104.267981,954510.07436337,0.01741898
2017-07-29,0.017501,0.017501,0.015490000000000002,0.016999,32448841.810821,536467.59594322,0.01653271
2017-07-30,0.016,0.01767498,0.015880000000000002,0.017518680000000002,25837238.431942,427317.67767274,0.01653882
2017-07-31,0.016,0.01644007,0.015210999999999999,0.01599998,37590924.859676,593795.32996264,0.01579624
2017-08-01,0.01799999,0.01809998,0.01580322,0.016094,73728248.994356,1244163.4086522,0.01687498
2017-08-02,0.01829373,0.01929999,0.0175,0.01799999,63513191.317552,1167798.2266554,0.0183867
2017-08-03,0.01888046,0.01909971,0.01813352,0.01823743,23844238.074019,444818.5615823,0.01865518
2017-08-04,0.02241998,0.02248888,0.01860005,0.018860000000000002,69943731.842077,1450711.2983135,0.02074111
2017-08-05,0.02380983,0.027280000000000002,0.02100001,0.0224888,125633682.81453,2989567.0133483,0.0237959
2017-08-06,0.0228,0.025199990000000002,0.022500000000000003,0.02360444,51690696.81229,1211949.3323564,0.02344617
2017-08-07,0.022300010000000002,0.02315898,0.021124,0.02286999,62888121.70366,1390293.7165994,0.02210741
2017-08-08,0.02379966,0.023801,0.02143979,0.02230002,75919293.647246,1709229.1734211,0.02251376
2017-08-09,0.02299909,0.024745999999999997,0.021511,0.02378047,58849111.52598,1365682.9317959,0.02320651
2017-08-10,0.022040999999999998,0.02348999,0.022,0.02299914,25472742.322269,582179.73141247,0.022855
2017-08-11,0.02168552,0.0224952,0.020642980000000002,0.0220412,27200427.151201,587065.44631954,0.021582940000000002
2017-08-12,0.02169983,0.02216299,0.02125756,0.02145,8069887.9545206,176243.44194231,0.02183963
2017-08-13,0.01868926,0.020298399999999998,0.017061,0.020200000000000003,136105968.50614,2559401.8208882,0.01880447
2017-08-14,0.018200499999999998,0.019188,0.018000000000000002,0.01827306,30009080.808977,554556.25373174,0.01847961
2017-08-15,0.01737995,0.018706,0.016,0.017730000000000003,52455707.355549,914639.3040287,0.01743641
2017-08-16,0.01773759,0.018493990000000002,0.01712631,0.017393640000000002,32758814.707608,587352.12348424,0.01792959
2017-08-17,0.01729478,0.01818268,0.01681201,0.0176,56371888.416361,990972.32699131,0.01757919
2017-08-18,0.01671416,0.017526,0.01623526,0.01712239,23933291.907362,406820.90729747,0.01699811
2017-08-19,0.01644438,0.01721611,0.01528711,0.01689468,31538591.829216,506522.54959992,0.0160604
2017-08-20,0.01769476,0.0184,0.01592824,0.01644438,48749818.012667,843953.25347252,0.01731192
2017-08-21,0.01951054,0.02091999,0.01690512,0.01766155,51666636.57855,946735.05466208,0.01832391
2017-08-22,0.0215285,0.0218,0.0165,0.01989948,82104086.53466,1596364.7233211,0.01944318
2017-08-23,0.02010601,0.024,0.0195,0.021500000000000002,115050651.58041,2580720.9106259,0.02243117
2017-08-24,0.01907799,0.021775299999999997,0.01821009,0.02034986,40019708.676901,811370.33065939,0.02027426
2017-08-25,0.02058877,0.02058878,0.018303,0.01907795,39989238.99352,778682.18331665,0.01947229
2017-08-26,0.0212532,0.02136,0.01912345,0.020527,38240517.496163,780914.07306797,0.02042111
2017-08-27,0.01989942,0.021500000000000002,0.01947792,0.02130002,26037551.308246,530345.10359295,0.02036847
2017-08-28,0.02060655,0.021500000000000002,0.0192687,0.019899299999999998,35270287.706316,717532.37269189,0.02034381
2017-08-29,0.02005001,0.0208964,0.01913,0.02045007,23222669.605556,465593.28721047,0.02004908
2017-08-30,0.021150000000000002,0.02129998,0.0198,0.02005001,21289216.715768,443113.5079537,0.02081398
2017-08-31,0.02248999,0.02248999,0.02079985,0.021150000000000002,25324202.21297,548636.56702381,0.02166451
2017-09-01,0.024123560000000002,0.024560000000000002,0.021400000000000002,0.022417899999999998,50194443.532512,1162104.765558,0.02315205
2017-09-02,0.02040041,0.0243764,0.02,0.02412355,73412018.837017,1590825.2911634,0.02166982
2017-09-03,0.02138297,0.0219753,0.02,0.02040041,20258232.709574,425221.67800534,0.02099006
2017-09-04,0.01761636,0.02138266,0.01606343,0.02110309,67275242.920121,1210313.8399566,0.01799047
2017-09-05,0.018683540000000002,0.01924,0.01580001,0.01759874,50694120.516362,885072.07072536,0.017459060000000002
2017-09-06,0.02038026,0.020950000000000003,0.01863,0.01863001,32686606.8415,645267.90249436,0.01974104
2017-09-07,0.020294299999999998,0.02085983,0.01911632,0.02038101,31726648.423733,633801.85754472,0.01997695
2017-09-08,0.0182932,0.02078428,0.016800000000000002,0.0202841,46684796.734581,858567.88694828,0.01839073
2017-09-09,0.017888460000000002,0.0183032,0.017280010000000002,0.01817273,14208363.757409,252520.90730323,0.01777269
2017-09-10,0.016692699999999998,0.0179862,0.01590971,0.01798524,37313299.351757,627982.64311569,0.01682999
2017-09-11,0.0172233,0.01819999,0.01608376,0.01669271,32030100.534963,544073.22073698,0.01698631
2017-09-12,0.01641663,0.0178,0.016,0.01720097,21511202.626957,365986.75102758,0.01701377
2017-09-13,0.01526801,0.016447530000000002,0.01464101,0.016447530000000002,37985043.024657,582307.27969329,0.015329899999999999
2017-09-14,0.011310299999999999,0.015700000000000002,0.011250000000000001,0.01533865,64454935.407938,839658.31034436,0.01302705
2017-09-15,0.01229075,0.0128,0.006110000000000001,0.011310299999999999,187871326.89283,1965873.2339737,0.01046393
2017-09-16,0.01188032,0.01259996,0.01015312,0.01201785,55739374.625269,649738.50610868,0.01165672
2017-09-17,0.01122999,0.01179938,0.01,0.01177285,36877114.985959,407281.28957339,0.01104428
2017-09-18,0.0135058,0.013840000000000002,0.0112,0.01120001,70805582.926477,910367.90640277,0.01285728
2017-09-19,0.011893840000000001,0.01353712,0.011300000000000001,0.0134948,86426207.761182,1057548.5205087,0.01223643
2017-09-20,0.01230109,0.013000000000000001,0.011300020000000001,0.011842,36174561.484517,435965.1727491,0.0120517
2017-09-21,0.010571220000000001,0.012296930000000001,0.01040597,0.01218212,51215372.094531,570688.71771455,0.01114291
2017-09-22,0.0107712,0.01116717,0.01019456,0.01060668,32381129.021269,348445.39448821,0.01076075
2017-09-23,0.011899990000000001,0.012081,0.01063258,0.0107712,32673864.405036,377970.07886188,0.01156796
2017-09-24,0.011571,0.01203701,0.01135029,0.0119,14265396.196513,168394.94669615,0.01180443
2017-09-25,0.012036,0.0125,0.011300010000000001,0.01155425,51522354.86575,627939.06735138,0.0121877
2017-09-26,0.01235898,0.0125,0.01184832,0.012036,20312446.256827,249555.41839632,0.012285830000000001
2017-09-27,0.01444965,0.01491499,0.01226885,0.01235898,60001466.975743,821612.04213644,0.013693190000000001
2017-09-28,0.01370234,0.01459765,0.0134,0.014410000000000001,31546158.648224,441887.26673517,0.01400764
2017-09-29,0.01327004,0.013955210000000001,0.01284801,0.01375312,23725904.208744,313391.25515469,0.01320882
2017-09-30,0.013981490000000001,0.014112930000000001,0.01305941,0.01314184,15818807.927674,218487.20224553,0.01381186
2017-10-01,0.013874270000000001,0.01398121,0.013178480000000001,0.01398121,7852499.8270841,107046.36576314,0.013632130000000001
2017-10-02,0.01299714,0.01387216,0.0125,0.01387216,16311737.644354,212429.70618273,0.013023110000000001
2017-10-03,0.01241334,0.01299874,0.011261,0.012950000000000001,37319209.454024,443597.20793671,0.011886560000000001
2017-10-04,0.011808299999999999,0.01284394,0.011500999999999999,0.01249977,25628340.177972,310748.61707014,0.012125190000000001
2017-10-05,0.014490000000000001,0.01514836,0.01158133,0.01180829,61772116.138337,841045.47346711,0.01361529
2017-10-06,0.018382,0.01926529,0.0145,0.0145,120515878.13722,2043425.3403223,0.01695565
2017-10-07,0.020770999999999998,0.024699,0.01838101,0.018382,232331925.93987,4976022.6020351,0.02141773
2017-10-08,0.01861681,0.02199999,0.01809684,0.020770999999999998,108734265.45208,2141875.4797526,0.01969825
2017-10-09,0.01764004,0.021990000000000003,0.01579776,0.018750450000000002,118890586.84594,2310951.5703386,0.01943763
2017-10-10,0.018800650000000002,0.018800650000000002,0.016530000000000003,0.01764004,43894430.442429,787651.20582284,0.017944210000000002
2017-10-11,0.01955196,0.020322,0.018240000000000003,0.01880899,40735554.450629,785319.9053591,0.01927848
2017-10-12,0.017943399999999998,0.0199,0.017400000000000002,0.01940704,58802089.262907,1100922.7372243,0.01872251
2017-10-13,0.01786321,0.018765999999999998,0.01751,0.0178,56632446.699721,1016762.3144531,0.0179537
2017-10-14,0.01750002,0.019170000000000003,0.0175,0.01800598,38998564.974266,716592.33084622,0.01837483
2017-10-15,0.01896999,0.019100000000000002,0.01664896,0.01750002,57316169.904875,1023080.4887495,0.01784977
2017-10-16,0.03600001,0.047799970000000004,0.01854853,0.01896999,528848747.71835,18405875.648602,0.03480366
2017-10-17,0.04607886,0.04788955,0.03463205,0.03600006,220818424.04879,9244682.6769899,0.04186554
2017-10-18,0.03514988,0.046499860000000004,0.03210002,0.04610188,136832333.71192,5056676.1719682,0.03695527
2017-10-19,0.03113622,0.03569916,0.029500000000000002,0.03506177,74368890.962616,2365898.4003107,0.03181301
2017-10-20,0.026564130000000002,0.0325063,0.025312770000000002,0.031190410000000002,76311509.307848,2155371.0700702,0.02824437
2017-10-21,0.03660001,0.03898997,0.02401764,0.02687674,133010236.32682,4046698.7082389,0.03042396
2017-10-22,0.03139934,0.038700000000000005,0.0303686,0.03660001,97216804.16457,3284664.8556494,0.033787
2017-10-23,0.03452715,0.03744899,0.02955201,0.03139933,67013779.514307,2263812.7730028,0.0337813
2017-10-24,0.03699685,0.042896,0.033580360000000004,0.03452716,107361652.23024,4176859.4697149,0.03890457
2017-10-25,0.03528987,0.038468920000000004,0.03361601,0.03654185,44427759.515115,1588477.8204897,0.03575417
2017-10-26,0.034754560000000004,0.037442460000000004,0.03415663,0.03522871,31273756.588602,1108465.7660556,0.03544395
2017-10-27,0.0341,0.0351,0.0332,0.034961110000000004,24576833.906797,837429.97230455,0.03407395
2017-10-28,0.0308,0.0345,0.030600000000000002,0.0341,15172173.404126,492578.62769378,0.03246592
2017-10-29,0.030211830000000002,0.033531,0.029500000000000002,0.03099946,49594954.613617,1562020.2650489,0.03149554
2017-10-30,0.03194969,0.032136,0.0297,0.03021177,27340678.842289,847001.57574521,0.03097953
2017-10-31,0.02935778,0.03187387,0.028144,0.03187381,39087185.810221,1155734.7582276,0.02956812
2017-11-01,0.0273,0.03017935,0.02704,0.02935756,30765488.508125,876839.50224868,0.028500750000000002
2017-11-02,0.0275,0.028440000000000003,0.023449499999999998,0.02706786,68307529.741682,1790980.1455662,0.02621936
2017-11-03,0.027400110000000002,0.0285996,0.0251,0.027499,48793374.477297,1322827.5185608,0.027110799999999997
2017-11-04,0.02734917,0.028451960000000002,0.026671999999999998,0.0274009,23121253.005834,636412.48879508,0.02752499
2017-11-05,0.02663692,0.02776719,0.026162790000000002,0.027124640000000002,20141120.643711,540313.22380142,0.026826370000000002
2017-11-06,0.02867001,0.028900000000000002,0.0263,0.02663692,26565706.36425,737120.8498619,0.02774708
2017-11-07,0.0302,0.032990030000000004,0.02824486,0.02878899,79313653.094644,2437424.7343838,0.030731460000000002
2017-11-08,0.0334,0.0352,0.02905193,0.0302,75626600.13205,2421682.1964766,0.03202156
2017-11-09,0.03901952,0.03990156,0.03325107,0.0334,65859315.306831,2440255.2127208,0.03705254
2017-11-10,0.03319398,0.03954724,0.03059999,0.0395,93373549.611681,3203741.5374257,0.03431101
2017-11-11,0.03260081,0.03549999,0.0315,0.0325803,53294483.184607,1773822.9640849,0.03328342
2017-11-12,0.0282355,0.03323868,0.0269,0.0326021,69451911.56261,2111428.1869003,0.03040129
2017-11-13,0.0300105,0.032100000000000004,0.02789003,0.028235490000000002,36478230.808378,1103147.4517859,0.03024125
2017-11-14,0.03550001,0.03681,0.02995139,0.0300105,54580706.63471,1816496.528854,0.03328092
2017-11-15,0.037,0.03747967,0.034040060000000004,0.03596288,61503336.802764,2182391.843138,0.03548412
2017-11-16,0.03706768,0.03787923,0.03395434,0.036763910000000004,47508338.751208,1713816.778911,0.03607402
2017-11-17,0.03535001,0.0374,0.0346,0.037,23568030.282646,853531.9385381,0.036215660000000004
2017-11-18,0.0363664,0.036432980000000004,0.034361050000000004,0.03535001,14970953.818052,530930.12114158,0.035464010000000004
2017-11-19,0.03670676,0.03999997,0.0360597,0.0362573,40413356.91663,1535333.2162164,0.03799073
2017-11-20,0.03839836,0.04,0.036000000000000004,0.03670676,29393465.235509,1129242.3455583,0.03841814
2017-11-21,0.03786734,0.038969790000000004,0.03618104,0.03844992,29189446.83807,1103050.6818661,0.03778936
2017-11-22,0.04229,0.04279998,0.03741377,0.03750262,35418233.915296,1412431.6261179,0.03987865
2017-11-23,0.0401537,0.04399999,0.039807260000000004,0.04229,45327177.212243,1905194.6490032,0.04203206
2017-11-24,0.04003583,0.0413,0.038200000000000005,0.0401537,30407106.600097,1220959.6754167,0.040153760000000004
2017-11-25,0.043278540000000004,0.0439,0.0393,0.04003694,29008250.450392,1222443.8243677,0.04214124
2017-11-26,0.04862519,0.04862519,0.0431,0.043278540000000004,70208118.224249,3244399.8483514,0.04621117
2017-11-27,0.05899999,0.06185017,0.0475,0.04862519,110066813.18012,5767163.9559938,0.05239693
2017-11-28,0.07990002,0.08360998,0.056,0.05899999,129483863.00378,8545125.858704,0.06599375
2017-11-29,0.06559999,0.09819298,0.05676438,0.07990002,294770937.50947,23184162.762858,0.07865145
2017-11-30,0.07200000000000001,0.07850008,0.0627,0.06558999,107514491.60149,7533810.171508,0.0700725
2017-12-01,0.08748001,0.09,0.07012,0.07200000000000001,105602101.40596,8379654.1043536,0.0793512
2017-12-02,0.09358957,0.09817637,0.08748099999999999,0.08748099999999999,104946748.30428,9864990.5604886,0.09399996000000001
2017-12-03,0.08921079,0.09665000000000001,0.08600000000000001,0.09322000000000001,82197674.651185,7536928.0434082,0.09169271
2017-12-04,0.09701000000000001,0.09758824,0.08700000000000001,0.0893,43936716.763779,4053176.2707266,0.09225032
2017-12-05,0.122636,0.12899239,0.09330000000000001,0.09701000000000001,110446099.34838,12055333.235233,0.10915128
2017-12-06,0.13979999,0.15867543,0.1102,0.12258884,182699310.77015,25161281.639066,0.13771963
2017-12-07,0.12599977,0.154,0.11850000000000001,0.13979999,133561102.32374,18511815.383512,0.13860184
2017-12-08,0.132831,0.14000849,0.11,0.12599966,85171282.893043,10811012.73123,0.1269326
2017-12-09,0.13105914,0.1445285,0.11800000000000001,0.13349954,61318346.482831,8156856.442707,0.13302472
2017-12-10,0.11400929,0.13467821,0.1,0.13171439999999998,52068615.492417,6022035.5380483,0.11565576
2017-12-11,0.14045394,0.14930000000000002,0.11427377,0.11427377,72011137.74834,9770090.9600995,0.13567472
2017-12-12,0.14604096,0.155,0.13,0.14043989,63541608.96574,8981382.90128,0.14134648
2017-12-13,0.14494471,0.15509999,0.1338,0.14665,55976050.820036,8203910.8405396,0.14656108
2017-12-14,0.18560000000000001,0.218,0.14250001,0.14405,140084050.12878,24522295.638678,0.17505415
2017-12-15,0.19316017,0.19881031000000002,0.16,0.18507004,84891927.653929,15478016.880467,0.18232613
2017-12-16,0.23389999,0.23500000000000001,0.187,0.19475,70643772.489145,14464874.936215,0.20475796000000002
2017-12-17,0.26351199999999997,0.299,0.22368000000000002,0.234,100263011.02507,26526259.643737,0.26456675
2017-12-18,0.27390000000000003,0.27653112,0.24669000000000002,0.26399997000000003,61106875.043775,16145260.920986,0.26421349
2017-12-19,0.25729684,0.305,0.22990000000000002,0.2738,78568892.034885,21561493.24942,0.27442786
2017-12-20,0.24944498,0.25949997,0.19000001,0.25781142,65350345.036787,15185238.954088,0.23236662
2017-12-21,0.24880863,0.28222,0.22,0.24944498,56336292.578734,14261707.648998,0.25315309999999996
2017-12-22,0.20500000000000002,0.27,0.14303356,0.247643,95106454.988164,19854849.299302,0.20876447
2017-12-23,0.22263999,0.2541,0.199,0.20400011,40766997.037011,9326621.9145314,0.22877873
2017-12-24,0.21182783,0.22447757000000002,0.18074269999999998,0.22263999,33734394.809306,6813029.1737234,0.20196091
2017-12-25,0.22000001,0.2291,0.201,0.21177712,16004772.308933,3476849.5093289,0.21723829
2017-12-26,0.22205089,0.22500001,0.2071343,0.22000001,17255192.087044,3721506.0593203,0.21567456000000002
2017-12-27,0.226957,0.23,0.211,0.221999,25228631.381983,5590962.6823587,0.22161181
2017-12-28,0.21737,0.22695197,0.19222222,0.22695197,25826767.684984,5329268.5639379,0.20634671000000002
2017-12-29,0.316,0.33,0.21547777,0.21733837,72792938.467751,19734849.440186,0.27110939
2017-12-30,0.30430006,0.37,0.259,0.31525868,111504571.73246,35282622.905843,0.3164231
2017-12-31,0.354,0.35860000000000003,0.29530001,0.30430006,34074086.256028,11174996.491268,0.32796173
2018-01-01,0.48481681,0.5231,0.3521,0.354,88950035.267899,39488868.220089,0.44394437000000003
2018-01-02,0.557,0.58976597,0.46196227,0.48481681,62527209.637448,33302719.299335,0.53261163
2018-01-03,0.886,0.9199289900000001,0.55240001,0.557,97777257.394753,74226922.478084,0.75914302
2018-01-04,0.70700001,0.91,0.625,0.8858999,57423160.877072,45488222.598389,0.79215811
2018-01-05,0.635106,0.7800005999999999,0.53525001,0.69478653,48279379.220703,31646904.667653,0.65549526
2018-01-06,0.6883,0.7700089999999999,0.581,0.635106,26798897.087777,18465487.737404,0.68903909
2018-01-07,0.70543837,0.7349,0.672,0.6883,11374332.062327,8070175.7514694,0.70950766
2018-01-08,0.6140001900000001,0.70898322,0.5175000000000001,0.70543837,20903291.034309,13143221.665538,0.62876327
2018-01-09,0.56979999,0.64299995,0.5478000000000001,0.6140001900000001,13874659.163577,8285544.1934166,0.597171
2018-01-10,0.5579900000000001,0.57440009,0.46490000000000004,0.56535525,27067756.044647,14151751.801067,0.52282693
2018-01-11,0.55810705,0.63,0.42,0.55843468,44571960.833577,22895295.070117,0.51367035
2018-01-12,0.67199967,0.7112793,0.51949787,0.55709984,24780540.479146,16004425.907754,0.64584652
2018-01-13,0.65938115,0.718,0.6220213800000001,0.67199997,10816393.250889,7283406.801293,0.67336741
2018-01-14,0.61937816,0.65938116,0.5649000000000001,0.65938115,9866437.8884421,6012312.5881555,0.6093701300000001
2018-01-15,0.5951000000000001,0.674,0.59,0.61937816,8283778.6757798,5230484.3376302,0.63141285
2018-01-16,0.43,0.6019992200000001,0.32,0.59520231,48457631.001321,21376502.105531,0.44113799000000004
2018-01-17,0.47499989000000004,0.50438888,0.30000002000000003,0.42999998,48877608.285054,19009890.06996,0.3889284
2018-01-18,0.492,0.56180152,0.44,0.47499989000000004,36180592.737884,18246656.958808,0.50432167
2018-01-19,0.5,0.52899999,0.4629581,0.49108188,12551391.983119,6224782.4645877,0.49594359
2018-01-20,0.52600118,0.55,0.48912354,0.50002366,13718103.115867,7087464.7040739,0.51665049
2018-01-21,0.46,0.53,0.43100012,0.52999998,12081820.848833,5650604.8601867,0.46769479999999997
2018-01-22,0.47800000000000004,0.5299996,0.42,0.46019851,23214508.930846,10784467.404159,0.4645572
2018-01-23,0.484,0.518,0.429,0.47753565000000003,15769602.312401,7581408.2281469,0.4807609
2018-01-24,0.56871495,0.58999999,0.47000000000000003,0.48551396,27776723.620668,15184947.060673,0.54667884
2018-01-25,0.60799993,0.648,0.55,0.5688364300000001,23315608.379692,14159797.352194,0.60730979
2018-01-26,0.6271,0.64821877,0.544,0.60799992,21454711.344062,12969906.047901,0.6045248400000001
2018-01-27,0.61100003,0.6399,0.60600001,0.627,7704305.4707313,4810618.780153,0.6244065400000001
2018-01-28,0.6240000800000001,0.635,0.6074,0.61600001,8025612.5998388,5010137.6846137,0.62426856
2018-01-29,0.57935998,0.6289135100000001,0.56520002,0.624,7941137.9705749,4709422.2631924,0.59304123
2018-01-30,0.48752368,0.57936778,0.46114129000000004,0.57935998,19256888.967046,9763722.0807405,0.5070248900000001
2018-01-31,0.5322999900000001,0.54780037,0.441,0.48752566,12795061.928281,6409320.2240872,0.50092139
2018-02-01,0.45399994,0.543,0.422,0.5327552999999999,16459797.173588,7638936.2998256,0.46409662
2018-02-02,0.41499531,0.45399994,0.30000000000000004,0.45399993,43519864.003661,16589784.308557,0.38120027
2018-02-03,0.44899855,0.48597931,0.35047918,0.41489849,21934368.62595,9318186.5103908,0.42482127000000003
2018-02-04,0.37500002,0.47399979999999997,0.35600001000000003,0.44899699,17271997.531288,6968148.1498683,0.40343614
2018-02-05,0.322,0.42,0.29185426000000003,0.374,32044938.457724,10710208.921782,0.33422466
2018-02-06,0.36327367,0.365,0.25927543000000003,0.323,53998419.039199,17100737.910541,0.31668959999999996
2018-02-07,0.33178,0.39,0.33,0.35880047,24994440.915137,9002615.4352058,0.36018469999999997
2018-02-08,0.35300049,0.374,0.33100003,0.33178,14032153.621329,4978466.5036299,0.3547899
2018-02-09,0.392,0.39889988,0.33590000000000003,0.35300257,14589284.635476,5412459.9166569,0.37098871
2018-02-10,0.388,0.43770000000000003,0.3624879,0.393,16378787.959446,6539102.6167244,0.39924215
2018-02-11,0.36084729,0.3888029,0.33959892,0.38777777,11753881.29273,4279022.7951368,0.36405189
2018-02-12,0.38450017000000003,0.39393224,0.3595003,0.36084713,5289365.562376,2028752.1190833,0.38355301
2018-02-13,0.39799992,0.426,0.361,0.38520000000000004,14632449.005767,5805436.7743028,0.39675086
2018-02-14,0.4480786,0.44999997,0.39110003,0.39799991,13025013.536799,5552608.3292159,0.42630345000000003
2018-02-15,0.44060000000000005,0.45670001,0.4295,0.44827859999999997,9477886.0038687,4196485.3627365,0.44276596
2018-02-16,0.447,0.45199000000000006,0.43125018,0.44259995,3332264.7186269,1473788.293221,0.44227827000000003
2018-02-17,0.4738939,0.47699999,0.44375694,0.45111051,5985099.8731093,2775458.0526731,0.46372794
2018-02-18,0.435,0.47772067,0.422187,0.47389427,6509224.2427424,2901365.7247892,0.44573141
2018-02-19,0.44299999,0.45685499,0.43108831000000003,0.43499995,4428802.1208535,1978774.3404775,0.44679673000000003
2018-02-20,0.39,0.44879377000000004,0.38585432000000003,0.445,8301666.3895154,3497918.5725201,0.42135137
2018-02-21,0.37506351,0.42559713,0.364,0.38860037000000003,13469802.060158,5173685.9008588,0.38409516
2018-02-22,0.34641781,0.39609524,0.34,0.37506351,9739358.3791565,3492756.1372908,0.35862281
2018-02-23,0.36720965,0.38,0.33632101000000003,0.34641824,5790575.7864693,2083557.067393,0.35981863000000003
2018-02-24,0.34065929,0.37339808,0.328,0.36702605,4554016.2980549,1563090.9575067,0.34323349999999997
2018-02-25,0.34714392,0.35479859,0.32790496,0.341,3019233.2324779,1024718.6831344,0.33939699
2018-02-26,0.35390136,0.36776718,0.3355,0.34750000000000003,4383233.3849384,1562804.0452781,0.35654137
2018-02-27,0.35835427000000003,0.37,0.34895699999999996,0.35519997000000003,5923193.3153598,2123854.7159351,0.35856582000000004
2018-02-28,0.32910001,0.36299179,0.32669221,0.35835416000000003,5194677.1400864,1791470.2684318,0.34486652
2018-03-01,0.33662986,0.34700618,0.31349357,0.3304164,5622228.7975868,1871318.8968869,0.33284289
2018-03-02,0.3176788,0.33999992,0.31767879,0.33898265,3763887.4043718,1221360.7487995,0.32449449
2018-03-03,0.34790661,0.34907772,0.3111,0.31767881000000003,4482834.515903,1461349.0963397,0.32598774
2018-03-04,0.362162,0.36499615,0.33987112,0.3477032,8037968.0755222,2841590.9410438,0.35352105
2018-03-05,0.34850000000000003,0.4,0.34850000000000003,0.362162,9056680.4522969,3410087.1942777,0.37652727
2018-03-06,0.3319747,0.36349903,0.33,0.34850000000000003,4647552.9496404,1610997.4004915,0.34663346
2018-03-07,0.324,0.34719000000000005,0.290854,0.3319747,9355254.9337408,2978529.5753635,0.31838037
2018-03-08,0.30899227,0.33688401,0.299,0.324,7717573.9203841,2382006.1489205,0.30864701
2018-03-09,0.30757247,0.31215257,0.2582,0.30899068,9331172.2678549,2650500.8644447,0.28404799999999997
2018-03-10,0.28624971,0.3175,0.28300000000000003,0.30477029,2339041.2053401,707440.95717522,0.30244912
2018-03-11,0.30153921,0.30498584,0.27210001,0.28624968,2972015.2255173,866601.05170259,0.29158701
2018-03-12,0.28799973,0.30799000000000004,0.27946087000000003,0.30033942,2994744.3131716,872571.88542344,0.29136774
2018-03-13,0.28649575,0.29590798,0.27663709000000003,0.28799987,2290017.0768326,650726.49092069,0.28415792
2018-03-14,0.2449894,0.29529353,0.2344454,0.28280659,6368849.6898153,1669179.455748,0.26208491
2018-03-15,0.23900000000000002,0.248,0.21330000000000002,0.24498000000000003,9245585.7548438,2122190.5632669,0.22953554
2018-03-16,0.22720242000000002,0.24136946,0.22550018,0.23900000000000002,3315874.9868422,778174.85929931,0.2346816
2018-03-17,0.20801548,0.23357416,0.19842105000000002,0.22885095,8032333.562472,1693744.1650175,0.21086576
2018-03-18,0.21750002000000002,0.23,0.15873684,0.20700000000000002,20412660.076223,3767428.3432555,0.18456332
2018-03-19,0.247,0.24739625,0.20907029,0.21899983,14118390.589106,3224513.4523896,0.22839099999999998
2018-03-20,0.26604978,0.27999998,0.23174025,0.24690677,10726402.827425,2748020.9548593,0.25619222
2018-03-21,0.25100825,0.27299998000000003,0.24356516,0.26599983,9421731.7929855,2415894.5281356,0.25641724
2018-03-22,0.24141371,0.25736226,0.22310001000000002,0.25100824,9163600.4710212,2179407.7886731,0.23783313
2018-03-23,0.23700000000000002,0.24141371,0.22229988,0.24141354,4915728.2941659,1135298.5450814,0.23095225
2018-03-24,0.2315,0.24556964,0.23104572,0.23668209999999998,4365409.4711152,1043179.1180429,0.23896478000000002
2018-03-25,0.23825454000000001,0.24286666,0.22866623,0.231,4830815.6771656,1141902.248304,0.23637876
2018-03-26,0.22699999,0.24507874000000002,0.21410001,0.24042581000000002,6997577.9130327,1582855.5051351,0.22620048
2018-03-27,0.21480000000000002,0.22909986000000002,0.20150209,0.22500018,9482698.212403,2045291.9291224,0.21568669999999998
2018-03-28,0.21687673000000002,0.22606527,0.21209236,0.21479999,3481867.7257037,762606.12388493,0.21902214
2018-03-29,0.189,0.22,0.186,0.21687689999999998,14453520.226932,2849773.2908772,0.19716811
2018-03-30,0.18616807,0.19975324,0.17300001,0.18999506,11011755.989957,2043391.9309865,0.18556458
2018-03-31,0.2041,0.2194,0.18726999,0.18726999,8555548.5859323,1753574.4417355,0.20496341
2018-04-01,0.2049,0.21172195,0.18631171,0.20300257,7887294.1702823,1573863.5275434,0.19954416
2018-04-02,0.22238417,0.23999988,0.20244955,0.2049,13352598.387252,2927312.8074658,0.21923169
2018-04-03,0.23350101,0.23776262,0.22238417,0.22480659,6294082.6131728,1450309.3911461,0.23042426
2018-04-04,0.20002911,0.23395644000000002,0.19890000000000002,0.23173749999999999,21032043.999584,4484003.2544224,0.21319864
2018-04-05,0.19518491000000002,0.2073,0.18938007,0.20010263,9099047.5797005,1787801.716587,0.19648229
2018-04-06,0.192,0.19756,0.18750244,0.19749972000000002,4155733.1855207,800271.24873711,0.19257041
2018-04-07,0.19861686,0.20657,0.19182502,0.192,6446475.1472185,1301077.6387685,0.20182775
2018-04-08,0.20438575,0.20784019,0.19900261,0.20208618,2311719.6676028,473622.46570349,0.20487884
2018-04-09,0.19500001,0.2146,0.19035000000000002,0.20639896,8024292.0587041,1631296.5389107,0.20329476
2018-04-10,0.198,0.20388541000000002,0.195,0.1963732,2917866.8662723,579138.41889476,0.19848006
2018-04-11,0.21200138000000002,0.21485549999999998,0.19723106,0.19860179,3993051.6031966,816236.17962909,0.20441413
2018-04-12,0.245,0.247,0.20551001,0.21200193,19456183.791353,4401433.7539615,0.22622287
2018-04-13,0.24430057,0.27612909999999996,0.23200123,0.24500017000000002,16171005.557609,4059475.6789809,0.25103421
2018-04-14,0.25236303,0.2625,0.24149472,0.24430059,5896876.9809206,1482861.8420557,0.25146562
2018-04-15,0.2961187,0.30938943,0.25375114,0.25499617,10065114.408472,2847878.4151767,0.28294545
2018-04-16,0.28500000000000003,0.307,0.26818273,0.29611223000000003,9348510.9008838,2647196.5267711,0.28316772
2018-04-17,0.30098723,0.32,0.279,0.28588888,11428199.796382,3456594.4113641,0.30246184
2018-04-18,0.352,0.358,0.29969381,0.29970001,9878410.7730758,3290055.5510361,0.33305514
2018-04-19,0.365,0.379,0.34457376,0.352,10369864.441602,3749497.4106203,0.36157631
2018-04-20,0.39,0.4,0.35323124,0.3650114,12965625.452412,4858896.7045662,0.3747522
2018-04-21,0.37358233,0.4,0.34390000000000004,0.38999000000000006,9648453.5998791,3581562.8986585,0.37120589
2018-04-22,0.36432385,0.3864276,0.35919013,0.37258213,5835828.1074574,2179519.8408002,0.37347224
2018-04-23,0.37049716,0.37758685000000003,0.36078151,0.36078151,2666838.2615438,983626.09247659,0.36883605
2018-04-24,0.39360292,0.40921846,0.36930338,0.37086803,8200816.8629777,3205926.4701507,0.39092769
2018-04-25,0.33690408,0.39881755,0.32227031,0.39199809,14691034.487209,5168269.3962585,0.35179751
2018-04-26,0.38744571,0.39,0.32618431000000003,0.33699572,15358209.96436,5677981.3576691,0.36970332
2018-04-27,0.38667399999999996,0.42601668000000004,0.37982767,0.38705865,14591181.946233,5928655.0951002,0.40631767
2018-04-28,0.42961984000000003,0.437,0.385,0.3875,6998692.9417839,2904278.8945529,0.41497447
2018-04-29,0.45964509000000003,0.47090001000000004,0.42801212,0.42961984000000003,10092144.19946,4539411.5548288,0.44979654
2018-04-30,0.424,0.46166421,0.4117,0.46079985,6162030.9534131,2662101.8331508,0.43201695
2018-05-01,0.43743798,0.44921177,0.3883409,0.42474128,7318363.8116309,3084555.7796361,0.42148161
2018-05-02,0.44053673,0.44685813,0.42728248,0.43743798,3619971.6435555,1590506.0986948,0.43936976
2018-05-03,0.436,0.44506501,0.42660000000000003,0.43926986,4676713.540309,2041289.7639312,0.43647953
2018-05-04,0.43,0.441,0.42061911,0.436,3268593.3324521,1410342.4790833,0.431483
2018-05-05,0.43210000000000004,0.438,0.42320001,0.43,3373858.1607383,1458996.943056,0.43244169
2018-05-06,0.41096341000000003,0.435,0.402,0.43210000000000004,3884915.6001106,1609683.2343963,0.41434188
2018-05-07,0.3952,0.4129152,0.37568417,0.41058212,4024979.2095582,1575551.1844115,0.3914433
2018-05-08,0.37992206,0.41207461,0.37136552,0.39437558,2660625.4829665,1032669.4119221,0.38813031000000003
2018-05-09,0.3735948,0.38881159,0.35379001,0.38140152,3383545.7282815,1249403.9654787,0.36925877
2018-05-10,0.34661000000000003,0.38499998,0.34098074,0.37436628,3754109.0888608,1354012.2405478,0.36067471
2018-05-11,0.31,0.35000000000000003,0.2929835,0.34709896,9852945.5124525,3125598.3574804,0.31722476
2018-05-12,0.3564,0.365,0.29611257,0.31302226,6216320.1404029,2057982.3355597,0.33106118
2018-05-13,0.36823363000000003,0.37992312,0.35000001000000003,0.3564,3697843.4831329,1341343.8365215,0.36273677
2018-05-14,0.36382919,0.38061311000000003,0.34034583,0.36823364000000003,3257433.8151189,1173138.753131,0.36014199999999996
2018-05-15,0.34152000000000005,0.37032788,0.33698767,0.3628683,3075096.3419675,1086189.1250606,0.35322116000000003
2018-05-16,0.33179999,0.3411752,0.31755356,0.3411752,4656163.5241826,1515942.7490383,0.32557764
2018-05-17,0.30770000000000003,0.34053892,0.3035,0.3327101,2532269.6728518,823124.83185427,0.32505417000000003
2018-05-18,0.31695749,0.31695749,0.29999899999999996,0.30739215000000003,2704631.8734653,831800.437817,0.30754663
2018-05-19,0.31299999,0.32628859,0.30728141000000003,0.3169575,1727411.0755898,545635.20669963,0.31586876
2018-05-20,0.32773769,0.33288339,0.31081077,0.31375931,2820459.0141165,910361.76502147,0.32277078
2018-05-21,0.3125,0.32909369,0.30912985,0.32773769,2301723.4809121,733713.21966447,0.31876688000000003
2018-05-22,0.29398838,0.31902587,0.292,0.31250001,2427919.6885087,741521.48691757,0.30541433
2018-05-23,0.27546763,0.29385,0.26261253,0.29385,6414348.0487937,1788165.8679978,0.27877593
2018-05-24,0.29,0.29670311,0.26572209999999996,0.27400008,5963437.539525,1689486.0608509,0.28330741
2018-05-25,0.28639723,0.29871783,0.28027162,0.29119659999999997,2097704.4095904,606147.52087683,0.28895754
2018-05-26,0.28132989,0.29386554,0.279,0.28639739999999997,2446057.0799918,701208.63755565,0.28666895000000003
2018-05-27,0.27374569,0.28336249999999996,0.27034374,0.28336249999999996,2365131.1607221,651284.99275879,0.2753695
2018-05-28,0.248778,0.27767295000000003,0.248778,0.27337014,3118025.8766155,810241.72508911,0.25985728
2018-05-29,0.28039907000000003,0.28464836,0.245,0.25041357000000003,3876695.8579439,1031443.2643917,0.26606246
2018-05-30,0.27609818,0.29418616000000003,0.26460006,0.28170062,3451821.8644201,956598.49484589,0.27712858
2018-05-31,0.29623663,0.303,0.27289,0.27610284,4561615.72095,1337290.5544798,0.29316159
2018-06-01,0.28854017,0.29924705,0.27972888,0.29625558,4307509.2405917,1234233.215584,0.28653059999999997
2018-06-02,0.29861298000000003,0.30239999,0.28854,0.28854,2320821.6121496,690615.42586961,0.29757367
2018-06-03,0.30201637000000003,0.31056688,0.29590093,0.29861298000000003,3654931.6205095,1110131.7818346,0.3037353
2018-06-04,0.29099733,0.30985185,0.28575334,0.30215495000000003,3706371.8409141,1096710.9975989,0.29589879999999996
2018-06-05,0.29420301,0.29887838,0.2802,0.291,1786037.093003,515161.81730687,0.28843847
2018-06-06,0.2982,0.29995406,0.28671056,0.29420045,2078479.273126,608336.6738111,0.29268354
2018-06-07,0.29178893,0.30586378000000003,0.28953333000000003,0.2983,2327079.7522955,694448.89896186,0.29842075
2018-06-08,0.28809308,0.29495485,0.28500000000000003,0.29277438,1381839.102779,400003.17272932,0.28947159
2018-06-09,0.2802486,0.29194689,0.27841659,0.28801206,789189.50549952,225290.68765072,0.28547096
2018-06-10,0.24302838000000002,0.28052801,0.23732537,0.28024983000000003,4708662.9869915,1198829.9570816,0.25460092
2018-06-11,0.25285281,0.25297367,0.23405266,0.24300225,3705757.654485,899991.32359245,0.24286297
2018-06-12,0.22704675,0.25285281,0.22,0.25259994,4962616.1359465,1191431.3270999,0.24008129
2018-06-13,0.21801863,0.22981881,0.20406785,0.22704675,5477270.9511585,1195298.1969627,0.21822878
2018-06-14,0.23898696,0.24357743,0.21605832,0.22084093,3478246.6263053,808466.07792056,0.23243494
2018-06-15,0.22871791,0.24199651,0.22871688,0.24199643,1337787.2125878,315759.76396871,0.23603138
2018-06-16,0.22930254,0.233391,0.22240509,0.2304311,1419086.006063,324640.35158339,0.22876721
2018-06-17,0.228,0.233,0.227,0.23023335,526291.01046313,121375.0068417,0.23062337
2018-06-18,0.23250012,0.24,0.22057606000000002,0.22908429,1777416.0617641,408161.0652541,0.22963732
2018-06-19,0.23486397,0.2404086,0.23070103,0.23250012,1054328.7645355,247296.79095121,0.23455377
2018-06-20,0.23071265,0.23487638,0.224,0.23486397,1681240.1060045,386985.03275627,0.23017832
2018-06-21,0.22764137,0.23511422,0.2252,0.23126178,813527.6227672,186889.22846727,0.22972696
2018-06-22,0.20038932,0.22757754,0.19550001,0.22757754,4453233.3758353,933503.80685598,0.20962382000000002
2018-06-23,0.20105882,0.20450134,0.19445432,0.20119994,1215633.5221905,241187.6625955,0.19840491000000002
2018-06-24,0.1925,0.20174044,0.17664165,0.20105882,5407346.6215175,1002849.2817674,0.18546051
2018-06-25,0.19799184,0.20299992,0.18795931,0.1928324,5085667.0539391,982297.86556961,0.19315025
2018-06-26,0.18349999,0.19743299,0.18297162,0.19743299,2789611.816924,531764.07300565,0.19062296
2018-06-27,0.191,0.19268808,0.1802,0.18309853,2554703.116352,472420.72951205,0.18492196
2018-06-28,0.17800187,0.19190000000000002,0.17613487,0.191,1350318.6015298,248134.46139216,0.18375993000000002
2018-06-29,0.18854253,0.18859299999999998,0.17157085,0.17799711000000001,3673221.2861014,656599.67020983,0.17875309
2018-06-30,0.19391447,0.20450018,0.18600006,0.18792836000000002,3634967.111885,707076.13884162,0.19452064
2018-07-01,0.2000001,0.2018,0.18808078,0.19350276,1783970.0644267,349212.0981222,0.19574997
2018-07-02,0.2140926,0.21699783,0.194,0.20000027,4603319.2805811,966869.44612081,0.21003745000000001
2018-07-03,0.20551389,0.221,0.20357416,0.2145463,2958797.2129154,629480.18903589,0.21274867
2018-07-04,0.21169845,0.21749302,0.20041277000000002,0.20411131000000002,1799126.4761764,376396.39089001,0.20921063
2018-07-05,0.20184162,0.21420475,0.1971,0.21001687,1516435.8145471,310809.38744262,0.20496046
2018-07-06,0.20770218000000001,0.2111025,0.19530075,0.20179339999999998,1033890.2657412,210659.10835029,0.20375383
2018-07-07,0.208999,0.2095116,0.19945000000000002,0.20770218000000001,1058098.6269013,216161.00194618,0.20429192000000002
2018-07-08,0.20930017,0.2179276,0.20713046000000002,0.20899737000000002,1646585.1636504,348005.94713182,0.21135009999999999
2018-07-09,0.20505689,0.21399992,0.20505654,0.2108874,1286525.0354505,270289.67813153,0.21009282
2018-07-10,0.19063004,0.20726656000000002,0.1900993,0.20505655,2246125.0773524,441570.34855709,0.19659205
2018-07-11,0.18968947,0.19407429999999998,0.18050000000000002,0.19169261,2675569.0405087,499015.80183253,0.18650828
2018-07-12,0.18455863,0.18977992,0.17930507,0.18977992,867881.12655252,158258.79180293,0.18235077
2018-07-13,0.20579799999999998,0.20667235,0.182,0.1849989,4078454.4902138,809927.45178749,0.19858685
2018-07-14,0.208035,0.21358000000000002,0.19800001,0.20569,2550002.1329881,522275.68887552,0.20481382
2018-07-15,0.22172699999999998,0.22396636,0.2061,0.20757918,4190165.2928016,909649.46664179,0.21709154
2018-07-16,0.24020868,0.249,0.21892775,0.22096104,4317161.6104703,996660.90810801,0.23086022
2018-07-17,0.25300001,0.25690699,0.22827378,0.23788569999999998,4979181.0057203,1212173.0539608,0.24344828000000002
2018-07-18,0.29760442,0.32604402,0.252309,0.25423162,20222038.544139,5847503.0838338,0.28916486
2018-07-19,0.30671608,0.319,0.27928597,0.2978,11361302.949361,3427313.5896884,0.30166554
2018-07-20,0.27101514,0.30556885,0.26322998000000003,0.30556885,6478824.7882027,1836469.4205866,0.28345718000000003
2018-07-21,0.29404442000000003,0.298,0.2560399,0.26930403,6647169.2658794,1868941.532085,0.28116352
2018-07-22,0.2848295,0.30858663000000003,0.28013198,0.29399456,4976488.7167589,1471990.0413992,0.29578888000000003
2018-07-23,0.28604282000000003,0.30400863,0.28100009,0.28421353,3311316.4294635,966520.5698534,0.29188408
2018-07-24,0.30235763,0.30652999000000003,0.28001001000000003,0.28510008000000003,5035189.4788176,1489328.8864221,0.29578407
2018-07-25,0.33399915,0.352,0.29513788,0.30235,10578443.469457,3432824.1751351,0.32451127
2018-07-26,0.30912,0.349999,0.29542599999999997,0.33200078,14456440.169556,4655593.5387774,0.32204287
2018-07-27,0.31617723000000003,0.32501811,0.29620581,0.30912,5403299.5016013,1677202.3714275,0.31040336
2018-07-28,0.3158,0.3285,0.309,0.31870000000000004,3360647.878135,1072217.8622565,0.31905093
2018-07-29,0.30999999,0.3189994,0.309,0.31579937,468266.97440452,147345.01603924,0.31466027
